"movie.name","movie.cast","movie.link","year","votes","rating"
"Um Sonho de Liberdade","Frank Darabont (dir.), Tim Robbins, Morgan Freeman","http://www.imdb.com/title/tt0111161/?pf_rd_m=A2FGELUUNOQJNL&pf_rd_p=e31d89dd-322d-4646-8962-327b42fe94b1&pf_rd_r=X37ZVGM5SQKW747MFCE5&pf_rd_s=center-1&pf_rd_t=15506&pf_rd_i=top&ref_=chttp_tt_1",1994,2281014,9.2
"O Poderoso Chefão","Francis Ford Coppola (dir.), Marlon Brando, Al Pacino","http://www.imdb.com/title/tt0068646/?pf_rd_m=A2FGELUUNOQJNL&pf_rd_p=e31d89dd-322d-4646-8962-327b42fe94b1&pf_rd_r=X37ZVGM5SQKW747MFCE5&pf_rd_s=center-1&pf_rd_t=15506&pf_rd_i=top&ref_=chttp_tt_2",1972,1574254,9.1
"O Poderoso Chefão II","Francis Ford Coppola (dir.), Al Pacino, Robert De Niro","http://www.imdb.com/title/tt0071562/?pf_rd_m=A2FGELUUNOQJNL&pf_rd_p=e31d89dd-322d-4646-8962-327b42fe94b1&pf_rd_r=X37ZVGM5SQKW747MFCE5&pf_rd_s=center-1&pf_rd_t=15506&pf_rd_i=top&ref_=chttp_tt_3",1974,1099804,9
"Batman: O Cavaleiro das Trevas","Christopher Nolan (dir.), Christian Bale, Heath Ledger","http://www.imdb.com/title/tt0468569/?pf_rd_m=A2FGELUUNOQJNL&pf_rd_p=e31d89dd-322d-4646-8962-327b42fe94b1&pf_rd_r=X37ZVGM5SQKW747MFCE5&pf_rd_s=center-1&pf_rd_t=15506&pf_rd_i=top&ref_=chttp_tt_4",2008,2244376,9
"12 Homens e uma Sentença","Sidney Lumet (dir.), Henry Fonda, Lee J. Cobb","http://www.imdb.com/title/tt0050083/?pf_rd_m=A2FGELUUNOQJNL&pf_rd_p=e31d89dd-322d-4646-8962-327b42fe94b1&pf_rd_r=X37ZVGM5SQKW747MFCE5&pf_rd_s=center-1&pf_rd_t=15506&pf_rd_i=top&ref_=chttp_tt_5",1957,669294,8.9
"A Lista de Schindler","Steven Spielberg (dir.), Liam Neeson, Ralph Fiennes","http://www.imdb.com/title/tt0108052/?pf_rd_m=A2FGELUUNOQJNL&pf_rd_p=e31d89dd-322d-4646-8962-327b42fe94b1&pf_rd_r=X37ZVGM5SQKW747MFCE5&pf_rd_s=center-1&pf_rd_t=15506&pf_rd_i=top&ref_=chttp_tt_6",1993,1184333,8.9
"O Senhor dos Anéis: O Retorno do Rei","Peter Jackson (dir.), Elijah Wood, Viggo Mortensen","http://www.imdb.com/title/tt0167260/?pf_rd_m=A2FGELUUNOQJNL&pf_rd_p=e31d89dd-322d-4646-8962-327b42fe94b1&pf_rd_r=X37ZVGM5SQKW747MFCE5&pf_rd_s=center-1&pf_rd_t=15506&pf_rd_i=top&ref_=chttp_tt_7",2003,1605480,8.9
"Pulp Fiction: Tempo de Violência","Quentin Tarantino (dir.), John Travolta, Uma Thurman","http://www.imdb.com/title/tt0110912/?pf_rd_m=A2FGELUUNOQJNL&pf_rd_p=e31d89dd-322d-4646-8962-327b42fe94b1&pf_rd_r=X37ZVGM5SQKW747MFCE5&pf_rd_s=center-1&pf_rd_t=15506&pf_rd_i=top&ref_=chttp_tt_8",1994,1781760,8.8
"Três Homens em Conflito","Sergio Leone (dir.), Clint Eastwood, Eli Wallach","http://www.imdb.com/title/tt0060196/?pf_rd_m=A2FGELUUNOQJNL&pf_rd_p=e31d89dd-322d-4646-8962-327b42fe94b1&pf_rd_r=X37ZVGM5SQKW747MFCE5&pf_rd_s=center-1&pf_rd_t=15506&pf_rd_i=top&ref_=chttp_tt_9",1966,673074,8.8
"O Senhor dos Anéis: A Sociedade do Anel","Peter Jackson (dir.), Elijah Wood, Ian McKellen","http://www.imdb.com/title/tt0120737/?pf_rd_m=A2FGELUUNOQJNL&pf_rd_p=e31d89dd-322d-4646-8962-327b42fe94b1&pf_rd_r=X37ZVGM5SQKW747MFCE5&pf_rd_s=center-1&pf_rd_t=15506&pf_rd_i=top&ref_=chttp_tt_10",2001,1621157,8.8
"Clube da Luta","David Fincher (dir.), Brad Pitt, Edward Norton","http://www.imdb.com/title/tt0137523/?pf_rd_m=A2FGELUUNOQJNL&pf_rd_p=e31d89dd-322d-4646-8962-327b42fe94b1&pf_rd_r=X37ZVGM5SQKW747MFCE5&pf_rd_s=center-1&pf_rd_t=15506&pf_rd_i=top&ref_=chttp_tt_11",1999,1809032,8.8
"Forrest Gump: O Contador de Histórias","Robert Zemeckis (dir.), Tom Hanks, Robin Wright","http://www.imdb.com/title/tt0109830/?pf_rd_m=A2FGELUUNOQJNL&pf_rd_p=e31d89dd-322d-4646-8962-327b42fe94b1&pf_rd_r=X37ZVGM5SQKW747MFCE5&pf_rd_s=center-1&pf_rd_t=15506&pf_rd_i=top&ref_=chttp_tt_12",1994,1757239,8.8
"A Origem","Christopher Nolan (dir.), Leonardo DiCaprio, Joseph Gordon-Levitt","http://www.imdb.com/title/tt1375666/?pf_rd_m=A2FGELUUNOQJNL&pf_rd_p=e31d89dd-322d-4646-8962-327b42fe94b1&pf_rd_r=X37ZVGM5SQKW747MFCE5&pf_rd_s=center-1&pf_rd_t=15506&pf_rd_i=top&ref_=chttp_tt_13",2010,2005884,8.7
"Star Wars, Episódio V: O Império Contra-Ataca","Irvin Kershner (dir.), Mark Hamill, Harrison Ford","http://www.imdb.com/title/tt0080684/?pf_rd_m=A2FGELUUNOQJNL&pf_rd_p=e31d89dd-322d-4646-8962-327b42fe94b1&pf_rd_r=X37ZVGM5SQKW747MFCE5&pf_rd_s=center-1&pf_rd_t=15506&pf_rd_i=top&ref_=chttp_tt_14",1980,1132975,8.7
"O Senhor dos Anéis: As Duas Torres","Peter Jackson (dir.), Elijah Wood, Ian McKellen","http://www.imdb.com/title/tt0167261/?pf_rd_m=A2FGELUUNOQJNL&pf_rd_p=e31d89dd-322d-4646-8962-327b42fe94b1&pf_rd_r=X37ZVGM5SQKW747MFCE5&pf_rd_s=center-1&pf_rd_t=15506&pf_rd_i=top&ref_=chttp_tt_15",2002,1450894,8.7
"Matrix","Lana Wachowski (dir.), Keanu Reeves, Laurence Fishburne","http://www.imdb.com/title/tt0133093/?pf_rd_m=A2FGELUUNOQJNL&pf_rd_p=e31d89dd-322d-4646-8962-327b42fe94b1&pf_rd_r=X37ZVGM5SQKW747MFCE5&pf_rd_s=center-1&pf_rd_t=15506&pf_rd_i=top&ref_=chttp_tt_16",1999,1633825,8.6
"Os Bons Companheiros","Martin Scorsese (dir.), Robert De Niro, Ray Liotta","http://www.imdb.com/title/tt0099685/?pf_rd_m=A2FGELUUNOQJNL&pf_rd_p=e31d89dd-322d-4646-8962-327b42fe94b1&pf_rd_r=X37ZVGM5SQKW747MFCE5&pf_rd_s=center-1&pf_rd_t=15506&pf_rd_i=top&ref_=chttp_tt_17",1990,992487,8.6
"Um Estranho no Ninho","Milos Forman (dir.), Jack Nicholson, Louise Fletcher","http://www.imdb.com/title/tt0073486/?pf_rd_m=A2FGELUUNOQJNL&pf_rd_p=e31d89dd-322d-4646-8962-327b42fe94b1&pf_rd_r=X37ZVGM5SQKW747MFCE5&pf_rd_s=center-1&pf_rd_t=15506&pf_rd_i=top&ref_=chttp_tt_18",1975,891812,8.6
"Os Sete Samurais","Akira Kurosawa (dir.), Toshirô Mifune, Takashi Shimura","http://www.imdb.com/title/tt0047478/?pf_rd_m=A2FGELUUNOQJNL&pf_rd_p=e31d89dd-322d-4646-8962-327b42fe94b1&pf_rd_r=X37ZVGM5SQKW747MFCE5&pf_rd_s=center-1&pf_rd_t=15506&pf_rd_i=top&ref_=chttp_tt_19",1954,308245,8.6
"Seven: Os Sete Crimes Capitais","David Fincher (dir.), Morgan Freeman, Brad Pitt","http://www.imdb.com/title/tt0114369/?pf_rd_m=A2FGELUUNOQJNL&pf_rd_p=e31d89dd-322d-4646-8962-327b42fe94b1&pf_rd_r=X37ZVGM5SQKW747MFCE5&pf_rd_s=center-1&pf_rd_t=15506&pf_rd_i=top&ref_=chttp_tt_20",1995,1403467,8.6
"A Vida é Bela","Roberto Benigni (dir.), Roberto Benigni, Nicoletta Braschi","http://www.imdb.com/title/tt0118799/?pf_rd_m=A2FGELUUNOQJNL&pf_rd_p=e31d89dd-322d-4646-8962-327b42fe94b1&pf_rd_r=X37ZVGM5SQKW747MFCE5&pf_rd_s=center-1&pf_rd_t=15506&pf_rd_i=top&ref_=chttp_tt_21",1997,606299,8.6
"Cidade de Deus","Fernando Meirelles (dir.), Alexandre Rodrigues, Leandro Firmino","http://www.imdb.com/title/tt0317248/?pf_rd_m=A2FGELUUNOQJNL&pf_rd_p=e31d89dd-322d-4646-8962-327b42fe94b1&pf_rd_r=X37ZVGM5SQKW747MFCE5&pf_rd_s=center-1&pf_rd_t=15506&pf_rd_i=top&ref_=chttp_tt_22",2002,686286,8.6
"O Silêncio dos Inocentes","Jonathan Demme (dir.), Jodie Foster, Anthony Hopkins","http://www.imdb.com/title/tt0102926/?pf_rd_m=A2FGELUUNOQJNL&pf_rd_p=e31d89dd-322d-4646-8962-327b42fe94b1&pf_rd_r=X37ZVGM5SQKW747MFCE5&pf_rd_s=center-1&pf_rd_t=15506&pf_rd_i=top&ref_=chttp_tt_23",1991,1235424,8.6
"A Felicidade Não se Compra","Frank Capra (dir.), James Stewart, Donna Reed","http://www.imdb.com/title/tt0038650/?pf_rd_m=A2FGELUUNOQJNL&pf_rd_p=e31d89dd-322d-4646-8962-327b42fe94b1&pf_rd_r=X37ZVGM5SQKW747MFCE5&pf_rd_s=center-1&pf_rd_t=15506&pf_rd_i=top&ref_=chttp_tt_24",1946,388635,8.6
"Guerra nas Estrelas","George Lucas (dir.), Mark Hamill, Harrison Ford","http://www.imdb.com/title/tt0076759/?pf_rd_m=A2FGELUUNOQJNL&pf_rd_p=e31d89dd-322d-4646-8962-327b42fe94b1&pf_rd_r=X37ZVGM5SQKW747MFCE5&pf_rd_s=center-1&pf_rd_t=15506&pf_rd_i=top&ref_=chttp_tt_25",1977,1204972,8.6
"O Resgate do Soldado Ryan","Steven Spielberg (dir.), Tom Hanks, Matt Damon","http://www.imdb.com/title/tt0120815/?pf_rd_m=A2FGELUUNOQJNL&pf_rd_p=e31d89dd-322d-4646-8962-327b42fe94b1&pf_rd_r=X37ZVGM5SQKW747MFCE5&pf_rd_s=center-1&pf_rd_t=15506&pf_rd_i=top&ref_=chttp_tt_26",1998,1204994,8.5
"A Viagem de Chihiro","Hayao Miyazaki (dir.), Daveigh Chase, Suzanne Pleshette","http://www.imdb.com/title/tt0245429/?pf_rd_m=A2FGELUUNOQJNL&pf_rd_p=e31d89dd-322d-4646-8962-327b42fe94b1&pf_rd_r=X37ZVGM5SQKW747MFCE5&pf_rd_s=center-1&pf_rd_t=15506&pf_rd_i=top&ref_=chttp_tt_27",2001,627579,8.5
"À Espera de um Milagre","Frank Darabont (dir.), Tom Hanks, Michael Clarke Duncan","http://www.imdb.com/title/tt0120689/?pf_rd_m=A2FGELUUNOQJNL&pf_rd_p=e31d89dd-322d-4646-8962-327b42fe94b1&pf_rd_r=X37ZVGM5SQKW747MFCE5&pf_rd_s=center-1&pf_rd_t=15506&pf_rd_i=top&ref_=chttp_tt_28",1999,1113695,8.5
"Parasita","Bong Joon Ho (dir.), Kang-ho Song, Sun-kyun Lee","http://www.imdb.com/title/tt6751668/?pf_rd_m=A2FGELUUNOQJNL&pf_rd_p=e31d89dd-322d-4646-8962-327b42fe94b1&pf_rd_r=X37ZVGM5SQKW747MFCE5&pf_rd_s=center-1&pf_rd_t=15506&pf_rd_i=top&ref_=chttp_tt_29",2019,473891,8.5
"Interestelar","Christopher Nolan (dir.), Matthew McConaughey, Anne Hathaway","http://www.imdb.com/title/tt0816692/?pf_rd_m=A2FGELUUNOQJNL&pf_rd_p=e31d89dd-322d-4646-8962-327b42fe94b1&pf_rd_r=X37ZVGM5SQKW747MFCE5&pf_rd_s=center-1&pf_rd_t=15506&pf_rd_i=top&ref_=chttp_tt_30",2014,1452075,8.5
"O Profissional","Luc Besson (dir.), Jean Reno, Gary Oldman","http://www.imdb.com/title/tt0110413/?pf_rd_m=A2FGELUUNOQJNL&pf_rd_p=e31d89dd-322d-4646-8962-327b42fe94b1&pf_rd_r=X37ZVGM5SQKW747MFCE5&pf_rd_s=center-1&pf_rd_t=15506&pf_rd_i=top&ref_=chttp_tt_31",1994,1008565,8.5
"Hamilton","Thomas Kail (dir.), Lin-Manuel Miranda, Phillipa Soo","http://www.imdb.com/title/tt8503618/?pf_rd_m=A2FGELUUNOQJNL&pf_rd_p=e31d89dd-322d-4646-8962-327b42fe94b1&pf_rd_r=X37ZVGM5SQKW747MFCE5&pf_rd_s=center-1&pf_rd_t=15506&pf_rd_i=top&ref_=chttp_tt_32",2020,38518,8.5
"Os Suspeitos","Bryan Singer (dir.), Kevin Spacey, Gabriel Byrne","http://www.imdb.com/title/tt0114814/?pf_rd_m=A2FGELUUNOQJNL&pf_rd_p=e31d89dd-322d-4646-8962-327b42fe94b1&pf_rd_r=X37ZVGM5SQKW747MFCE5&pf_rd_s=center-1&pf_rd_t=15506&pf_rd_i=top&ref_=chttp_tt_33",1995,969708,8.5
"Harakiri","Masaki Kobayashi (dir.), Tatsuya Nakadai, Akira Ishihama","http://www.imdb.com/title/tt0056058/?pf_rd_m=A2FGELUUNOQJNL&pf_rd_p=e31d89dd-322d-4646-8962-327b42fe94b1&pf_rd_r=X37ZVGM5SQKW747MFCE5&pf_rd_s=center-1&pf_rd_t=15506&pf_rd_i=top&ref_=chttp_tt_34",1962,37476,8.5
"O Rei Leão","Roger Allers (dir.), Matthew Broderick, Jeremy Irons","http://www.imdb.com/title/tt0110357/?pf_rd_m=A2FGELUUNOQJNL&pf_rd_p=e31d89dd-322d-4646-8962-327b42fe94b1&pf_rd_r=X37ZVGM5SQKW747MFCE5&pf_rd_s=center-1&pf_rd_t=15506&pf_rd_i=top&ref_=chttp_tt_35",1994,918111,8.5
"De Volta para o Futuro","Robert Zemeckis (dir.), Michael J. Fox, Christopher Lloyd","http://www.imdb.com/title/tt0088763/?pf_rd_m=A2FGELUUNOQJNL&pf_rd_p=e31d89dd-322d-4646-8962-327b42fe94b1&pf_rd_r=X37ZVGM5SQKW747MFCE5&pf_rd_s=center-1&pf_rd_t=15506&pf_rd_i=top&ref_=chttp_tt_36",1985,1028470,8.5
"O Pianista","Roman Polanski (dir.), Adrien Brody, Thomas Kretschmann","http://www.imdb.com/title/tt0253474/?pf_rd_m=A2FGELUUNOQJNL&pf_rd_p=e31d89dd-322d-4646-8962-327b42fe94b1&pf_rd_r=X37ZVGM5SQKW747MFCE5&pf_rd_s=center-1&pf_rd_t=15506&pf_rd_i=top&ref_=chttp_tt_37",2002,708606,8.5
"O Exterminador do Futuro 2: O Julgamento Final","James Cameron (dir.), Arnold Schwarzenegger, Linda Hamilton","http://www.imdb.com/title/tt0103064/?pf_rd_m=A2FGELUUNOQJNL&pf_rd_p=e31d89dd-322d-4646-8962-327b42fe94b1&pf_rd_r=X37ZVGM5SQKW747MFCE5&pf_rd_s=center-1&pf_rd_t=15506&pf_rd_i=top&ref_=chttp_tt_38",1991,975739,8.5
"A Outra História Americana","Tony Kaye (dir.), Edward Norton, Edward Furlong","http://www.imdb.com/title/tt0120586/?pf_rd_m=A2FGELUUNOQJNL&pf_rd_p=e31d89dd-322d-4646-8962-327b42fe94b1&pf_rd_r=X37ZVGM5SQKW747MFCE5&pf_rd_s=center-1&pf_rd_t=15506&pf_rd_i=top&ref_=chttp_tt_39",1998,1014882,8.5
"Tempos Modernos","Charles Chaplin (dir.), Charles Chaplin, Paulette Goddard","http://www.imdb.com/title/tt0027977/?pf_rd_m=A2FGELUUNOQJNL&pf_rd_p=e31d89dd-322d-4646-8962-327b42fe94b1&pf_rd_r=X37ZVGM5SQKW747MFCE5&pf_rd_s=center-1&pf_rd_t=15506&pf_rd_i=top&ref_=chttp_tt_40",1936,211504,8.5
"Psicose","Alfred Hitchcock (dir.), Anthony Perkins, Janet Leigh","http://www.imdb.com/title/tt0054215/?pf_rd_m=A2FGELUUNOQJNL&pf_rd_p=e31d89dd-322d-4646-8962-327b42fe94b1&pf_rd_r=X37ZVGM5SQKW747MFCE5&pf_rd_s=center-1&pf_rd_t=15506&pf_rd_i=top&ref_=chttp_tt_41",1960,587454,8.5
"Gladiador","Ridley Scott (dir.), Russell Crowe, Joaquin Phoenix","http://www.imdb.com/title/tt0172495/?pf_rd_m=A2FGELUUNOQJNL&pf_rd_p=e31d89dd-322d-4646-8962-327b42fe94b1&pf_rd_r=X37ZVGM5SQKW747MFCE5&pf_rd_s=center-1&pf_rd_t=15506&pf_rd_i=top&ref_=chttp_tt_42",2000,1309342,8.5
"Luzes da Cidade","Charles Chaplin (dir.), Charles Chaplin, Virginia Cherrill","http://www.imdb.com/title/tt0021749/?pf_rd_m=A2FGELUUNOQJNL&pf_rd_p=e31d89dd-322d-4646-8962-327b42fe94b1&pf_rd_r=X37ZVGM5SQKW747MFCE5&pf_rd_s=center-1&pf_rd_t=15506&pf_rd_i=top&ref_=chttp_tt_43",1931,162893,8.5
"Os Infiltrados","Martin Scorsese (dir.), Leonardo DiCaprio, Matt Damon","http://www.imdb.com/title/tt0407887/?pf_rd_m=A2FGELUUNOQJNL&pf_rd_p=e31d89dd-322d-4646-8962-327b42fe94b1&pf_rd_r=X37ZVGM5SQKW747MFCE5&pf_rd_s=center-1&pf_rd_t=15506&pf_rd_i=top&ref_=chttp_tt_44",2006,1160742,8.5
"Intocáveis","Olivier Nakache (dir.), François Cluzet, Omar Sy","http://www.imdb.com/title/tt1675434/?pf_rd_m=A2FGELUUNOQJNL&pf_rd_p=e31d89dd-322d-4646-8962-327b42fe94b1&pf_rd_r=X37ZVGM5SQKW747MFCE5&pf_rd_s=center-1&pf_rd_t=15506&pf_rd_i=top&ref_=chttp_tt_45",2011,737392,8.5
"Whiplash: Em Busca da Perfeição","Damien Chazelle (dir.), Miles Teller, J.K. Simmons","http://www.imdb.com/title/tt2582802/?pf_rd_m=A2FGELUUNOQJNL&pf_rd_p=e31d89dd-322d-4646-8962-327b42fe94b1&pf_rd_r=X37ZVGM5SQKW747MFCE5&pf_rd_s=center-1&pf_rd_t=15506&pf_rd_i=top&ref_=chttp_tt_46",2014,691560,8.5
"O Grande Truque","Christopher Nolan (dir.), Christian Bale, Hugh Jackman","http://www.imdb.com/title/tt0482571/?pf_rd_m=A2FGELUUNOQJNL&pf_rd_p=e31d89dd-322d-4646-8962-327b42fe94b1&pf_rd_r=X37ZVGM5SQKW747MFCE5&pf_rd_s=center-1&pf_rd_t=15506&pf_rd_i=top&ref_=chttp_tt_47",2006,1157230,8.5
"Túmulo dos Vagalumes","Isao Takahata (dir.), Tsutomu Tatsumi, Ayano Shiraishi","http://www.imdb.com/title/tt0095327/?pf_rd_m=A2FGELUUNOQJNL&pf_rd_p=e31d89dd-322d-4646-8962-327b42fe94b1&pf_rd_r=X37ZVGM5SQKW747MFCE5&pf_rd_s=center-1&pf_rd_t=15506&pf_rd_i=top&ref_=chttp_tt_48",1988,225820,8.5
"Era uma Vez no Oeste","Sergio Leone (dir.), Henry Fonda, Charles Bronson","http://www.imdb.com/title/tt0064116/?pf_rd_m=A2FGELUUNOQJNL&pf_rd_p=e31d89dd-322d-4646-8962-327b42fe94b1&pf_rd_r=X37ZVGM5SQKW747MFCE5&pf_rd_s=center-1&pf_rd_t=15506&pf_rd_i=top&ref_=chttp_tt_49",1968,295541,8.5
"Casablanca","Michael Curtiz (dir.), Humphrey Bogart, Ingrid Bergman","http://www.imdb.com/title/tt0034583/?pf_rd_m=A2FGELUUNOQJNL&pf_rd_p=e31d89dd-322d-4646-8962-327b42fe94b1&pf_rd_r=X37ZVGM5SQKW747MFCE5&pf_rd_s=center-1&pf_rd_t=15506&pf_rd_i=top&ref_=chttp_tt_50",1942,510394,8.4
"Cinema Paradiso","Giuseppe Tornatore (dir.), Philippe Noiret, Enzo Cannavale","http://www.imdb.com/title/tt0095765/?pf_rd_m=A2FGELUUNOQJNL&pf_rd_p=e31d89dd-322d-4646-8962-327b42fe94b1&pf_rd_r=X37ZVGM5SQKW747MFCE5&pf_rd_s=center-1&pf_rd_t=15506&pf_rd_i=top&ref_=chttp_tt_51",1988,223344,8.4
"Janela Indiscreta","Alfred Hitchcock (dir.), James Stewart, Grace Kelly","http://www.imdb.com/title/tt0047396/?pf_rd_m=A2FGELUUNOQJNL&pf_rd_p=e31d89dd-322d-4646-8962-327b42fe94b1&pf_rd_r=X37ZVGM5SQKW747MFCE5&pf_rd_s=center-1&pf_rd_t=15506&pf_rd_i=top&ref_=chttp_tt_52",1954,432832,8.4
"Alien - O 8º Passageiro","Ridley Scott (dir.), Sigourney Weaver, Tom Skerritt","http://www.imdb.com/title/tt0078748/?pf_rd_m=A2FGELUUNOQJNL&pf_rd_p=e31d89dd-322d-4646-8962-327b42fe94b1&pf_rd_r=X37ZVGM5SQKW747MFCE5&pf_rd_s=center-1&pf_rd_t=15506&pf_rd_i=top&ref_=chttp_tt_53",1979,769570,8.4
"Apocalypse Now","Francis Ford Coppola (dir.), Martin Sheen, Marlon Brando","http://www.imdb.com/title/tt0078788/?pf_rd_m=A2FGELUUNOQJNL&pf_rd_p=e31d89dd-322d-4646-8962-327b42fe94b1&pf_rd_r=X37ZVGM5SQKW747MFCE5&pf_rd_s=center-1&pf_rd_t=15506&pf_rd_i=top&ref_=chttp_tt_54",1979,591801,8.4
"Amnésia","Christopher Nolan (dir.), Guy Pearce, Carrie-Anne Moss","http://www.imdb.com/title/tt0209144/?pf_rd_m=A2FGELUUNOQJNL&pf_rd_p=e31d89dd-322d-4646-8962-327b42fe94b1&pf_rd_r=X37ZVGM5SQKW747MFCE5&pf_rd_s=center-1&pf_rd_t=15506&pf_rd_i=top&ref_=chttp_tt_55",2000,1100111,8.4
"Os Caçadores da Arca Perdida","Steven Spielberg (dir.), Harrison Ford, Karen Allen","http://www.imdb.com/title/tt0082971/?pf_rd_m=A2FGELUUNOQJNL&pf_rd_p=e31d89dd-322d-4646-8962-327b42fe94b1&pf_rd_r=X37ZVGM5SQKW747MFCE5&pf_rd_s=center-1&pf_rd_t=15506&pf_rd_i=top&ref_=chttp_tt_56",1981,866135,8.4
"O Grande Ditador","Charles Chaplin (dir.), Charles Chaplin, Paulette Goddard","http://www.imdb.com/title/tt0032553/?pf_rd_m=A2FGELUUNOQJNL&pf_rd_p=e31d89dd-322d-4646-8962-327b42fe94b1&pf_rd_r=X37ZVGM5SQKW747MFCE5&pf_rd_s=center-1&pf_rd_t=15506&pf_rd_i=top&ref_=chttp_tt_57",1940,197625,8.4
"Coringa","Todd Phillips (dir.), Joaquin Phoenix, Robert De Niro","http://www.imdb.com/title/tt7286456/?pf_rd_m=A2FGELUUNOQJNL&pf_rd_p=e31d89dd-322d-4646-8962-327b42fe94b1&pf_rd_r=X37ZVGM5SQKW747MFCE5&pf_rd_s=center-1&pf_rd_t=15506&pf_rd_i=top&ref_=chttp_tt_58",2019,858888,8.4
"Django Livre","Quentin Tarantino (dir.), Jamie Foxx, Christoph Waltz","http://www.imdb.com/title/tt1853728/?pf_rd_m=A2FGELUUNOQJNL&pf_rd_p=e31d89dd-322d-4646-8962-327b42fe94b1&pf_rd_r=X37ZVGM5SQKW747MFCE5&pf_rd_s=center-1&pf_rd_t=15506&pf_rd_i=top&ref_=chttp_tt_59",2012,1319167,8.4
"A Vida dos Outros","Florian Henckel von Donnersmarck (dir.), Ulrich Mühe, Martina Gedeck","http://www.imdb.com/title/tt0405094/?pf_rd_m=A2FGELUUNOQJNL&pf_rd_p=e31d89dd-322d-4646-8962-327b42fe94b1&pf_rd_r=X37ZVGM5SQKW747MFCE5&pf_rd_s=center-1&pf_rd_t=15506&pf_rd_i=top&ref_=chttp_tt_60",2006,349946,8.4
"Glória Feita de Sangue","Stanley Kubrick (dir.), Kirk Douglas, Ralph Meeker","http://www.imdb.com/title/tt0050825/?pf_rd_m=A2FGELUUNOQJNL&pf_rd_p=e31d89dd-322d-4646-8962-327b42fe94b1&pf_rd_r=X37ZVGM5SQKW747MFCE5&pf_rd_s=center-1&pf_rd_t=15506&pf_rd_i=top&ref_=chttp_tt_61",1957,172889,8.4
"O Iluminado","Stanley Kubrick (dir.), Jack Nicholson, Shelley Duvall","http://www.imdb.com/title/tt0081505/?pf_rd_m=A2FGELUUNOQJNL&pf_rd_p=e31d89dd-322d-4646-8962-327b42fe94b1&pf_rd_r=X37ZVGM5SQKW747MFCE5&pf_rd_s=center-1&pf_rd_t=15506&pf_rd_i=top&ref_=chttp_tt_62",1980,870463,8.4
"WALL·E","Andrew Stanton (dir.), Ben Burtt, Elissa Knight","http://www.imdb.com/title/tt0910970/?pf_rd_m=A2FGELUUNOQJNL&pf_rd_p=e31d89dd-322d-4646-8962-327b42fe94b1&pf_rd_r=X37ZVGM5SQKW747MFCE5&pf_rd_s=center-1&pf_rd_t=15506&pf_rd_i=top&ref_=chttp_tt_63",2008,975540,8.4
"Vingadores: Guerra Infinita","Anthony Russo (dir.), Robert Downey Jr., Chris Hemsworth","http://www.imdb.com/title/tt4154756/?pf_rd_m=A2FGELUUNOQJNL&pf_rd_p=e31d89dd-322d-4646-8962-327b42fe94b1&pf_rd_r=X37ZVGM5SQKW747MFCE5&pf_rd_s=center-1&pf_rd_t=15506&pf_rd_i=top&ref_=chttp_tt_64",2018,797844,8.4
"Crepúsculo dos Deuses","Billy Wilder (dir.), William Holden, Gloria Swanson","http://www.imdb.com/title/tt0043014/?pf_rd_m=A2FGELUUNOQJNL&pf_rd_p=e31d89dd-322d-4646-8962-327b42fe94b1&pf_rd_r=X37ZVGM5SQKW747MFCE5&pf_rd_s=center-1&pf_rd_t=15506&pf_rd_i=top&ref_=chttp_tt_65",1950,196042,8.4
"Testemunha de Acusação","Billy Wilder (dir.), Tyrone Power, Marlene Dietrich","http://www.imdb.com/title/tt0051201/?pf_rd_m=A2FGELUUNOQJNL&pf_rd_p=e31d89dd-322d-4646-8962-327b42fe94b1&pf_rd_r=X37ZVGM5SQKW747MFCE5&pf_rd_s=center-1&pf_rd_t=15506&pf_rd_i=top&ref_=chttp_tt_66",1957,104726,8.4
"Homem-Aranha no Aranhaverso","Bob Persichetti (dir.), Shameik Moore, Jake Johnson","http://www.imdb.com/title/tt4633694/?pf_rd_m=A2FGELUUNOQJNL&pf_rd_p=e31d89dd-322d-4646-8962-327b42fe94b1&pf_rd_r=X37ZVGM5SQKW747MFCE5&pf_rd_s=center-1&pf_rd_t=15506&pf_rd_i=top&ref_=chttp_tt_67",2018,336837,8.4
"Princesa Mononoke","Hayao Miyazaki (dir.), Yôji Matsuda, Yuriko Ishida","http://www.imdb.com/title/tt0119698/?pf_rd_m=A2FGELUUNOQJNL&pf_rd_p=e31d89dd-322d-4646-8962-327b42fe94b1&pf_rd_r=X37ZVGM5SQKW747MFCE5&pf_rd_s=center-1&pf_rd_t=15506&pf_rd_i=top&ref_=chttp_tt_68",1997,331484,8.4
"Oldboy","Chan-wook Park (dir.), Min-sik Choi, Ji-Tae Yoo","http://www.imdb.com/title/tt0364569/?pf_rd_m=A2FGELUUNOQJNL&pf_rd_p=e31d89dd-322d-4646-8962-327b42fe94b1&pf_rd_r=X37ZVGM5SQKW747MFCE5&pf_rd_s=center-1&pf_rd_t=15506&pf_rd_i=top&ref_=chttp_tt_69",2003,501581,8.4
"Dr. Fantástico","Stanley Kubrick (dir.), Peter Sellers, George C. Scott","http://www.imdb.com/title/tt0057012/?pf_rd_m=A2FGELUUNOQJNL&pf_rd_p=e31d89dd-322d-4646-8962-327b42fe94b1&pf_rd_r=X37ZVGM5SQKW747MFCE5&pf_rd_s=center-1&pf_rd_t=15506&pf_rd_i=top&ref_=chttp_tt_70",1964,441468,8.4
"Batman: O Cavaleiro das Trevas Ressurge","Christopher Nolan (dir.), Christian Bale, Tom Hardy","http://www.imdb.com/title/tt1345836/?pf_rd_m=A2FGELUUNOQJNL&pf_rd_p=e31d89dd-322d-4646-8962-327b42fe94b1&pf_rd_r=X37ZVGM5SQKW747MFCE5&pf_rd_s=center-1&pf_rd_t=15506&pf_rd_i=top&ref_=chttp_tt_71",2012,1482149,8.3
"Era uma Vez na América","Sergio Leone (dir.), Robert De Niro, James Woods","http://www.imdb.com/title/tt0087843/?pf_rd_m=A2FGELUUNOQJNL&pf_rd_p=e31d89dd-322d-4646-8962-327b42fe94b1&pf_rd_r=X37ZVGM5SQKW747MFCE5&pf_rd_s=center-1&pf_rd_t=15506&pf_rd_i=top&ref_=chttp_tt_72",1984,302639,8.3
"Aliens, o Resgate","James Cameron (dir.), Sigourney Weaver, Michael Biehn","http://www.imdb.com/title/tt0090605/?pf_rd_m=A2FGELUUNOQJNL&pf_rd_p=e31d89dd-322d-4646-8962-327b42fe94b1&pf_rd_r=X37ZVGM5SQKW747MFCE5&pf_rd_s=center-1&pf_rd_t=15506&pf_rd_i=top&ref_=chttp_tt_73",1986,640004,8.3
"Vingadores: Ultimato","Anthony Russo (dir.), Robert Downey Jr., Chris Evans","http://www.imdb.com/title/tt4154796/?pf_rd_m=A2FGELUUNOQJNL&pf_rd_p=e31d89dd-322d-4646-8962-327b42fe94b1&pf_rd_r=X37ZVGM5SQKW747MFCE5&pf_rd_s=center-1&pf_rd_t=15506&pf_rd_i=top&ref_=chttp_tt_74",2019,757164,8.3
"Your Name.","Makoto Shinkai (dir.), Ryûnosuke Kamiki, Mone Kamishiraishi","http://www.imdb.com/title/tt5311514/?pf_rd_m=A2FGELUUNOQJNL&pf_rd_p=e31d89dd-322d-4646-8962-327b42fe94b1&pf_rd_r=X37ZVGM5SQKW747MFCE5&pf_rd_s=center-1&pf_rd_t=15506&pf_rd_i=top&ref_=chttp_tt_75",2016,179044,8.3
"Viva: A Vida é uma Festa","Lee Unkrich (dir.), Anthony Gonzalez, Gael García Bernal","http://www.imdb.com/title/tt2380307/?pf_rd_m=A2FGELUUNOQJNL&pf_rd_p=e31d89dd-322d-4646-8962-327b42fe94b1&pf_rd_r=X37ZVGM5SQKW747MFCE5&pf_rd_s=center-1&pf_rd_t=15506&pf_rd_i=top&ref_=chttp_tt_76",2017,353326,8.3
"Beleza Americana","Sam Mendes (dir.), Kevin Spacey, Annette Bening","http://www.imdb.com/title/tt0169547/?pf_rd_m=A2FGELUUNOQJNL&pf_rd_p=e31d89dd-322d-4646-8962-327b42fe94b1&pf_rd_r=X37ZVGM5SQKW747MFCE5&pf_rd_s=center-1&pf_rd_t=15506&pf_rd_i=top&ref_=chttp_tt_77",1999,1049793,8.3
"Coração Valente","Mel Gibson (dir.), Mel Gibson, Sophie Marceau","http://www.imdb.com/title/tt0112573/?pf_rd_m=A2FGELUUNOQJNL&pf_rd_p=e31d89dd-322d-4646-8962-327b42fe94b1&pf_rd_r=X37ZVGM5SQKW747MFCE5&pf_rd_s=center-1&pf_rd_t=15506&pf_rd_i=top&ref_=chttp_tt_78",1995,942242,8.3
"3 Idiotas","Rajkumar Hirani (dir.), Aamir Khan, Madhavan","http://www.imdb.com/title/tt1187043/?pf_rd_m=A2FGELUUNOQJNL&pf_rd_p=e31d89dd-322d-4646-8962-327b42fe94b1&pf_rd_r=X37ZVGM5SQKW747MFCE5&pf_rd_s=center-1&pf_rd_t=15506&pf_rd_i=top&ref_=chttp_tt_79",2009,332677,8.3
"O Barco: Inferno no Mar","Wolfgang Petersen (dir.), Jürgen Prochnow, Herbert Grönemeyer","http://www.imdb.com/title/tt0082096/?pf_rd_m=A2FGELUUNOQJNL&pf_rd_p=e31d89dd-322d-4646-8962-327b42fe94b1&pf_rd_r=X37ZVGM5SQKW747MFCE5&pf_rd_s=center-1&pf_rd_t=15506&pf_rd_i=top&ref_=chttp_tt_80",1981,226650,8.3
"Toy Story","John Lasseter (dir.), Tom Hanks, Tim Allen","http://www.imdb.com/title/tt0114709/?pf_rd_m=A2FGELUUNOQJNL&pf_rd_p=e31d89dd-322d-4646-8962-327b42fe94b1&pf_rd_r=X37ZVGM5SQKW747MFCE5&pf_rd_s=center-1&pf_rd_t=15506&pf_rd_i=top&ref_=chttp_tt_81",1995,865217,8.3
"Céu E Inferno","Akira Kurosawa (dir.), Toshirô Mifune, Yutaka Sada","http://www.imdb.com/title/tt0057565/?pf_rd_m=A2FGELUUNOQJNL&pf_rd_p=e31d89dd-322d-4646-8962-327b42fe94b1&pf_rd_r=X37ZVGM5SQKW747MFCE5&pf_rd_s=center-1&pf_rd_t=15506&pf_rd_i=top&ref_=chttp_tt_82",1963,31353,8.3
"Amadeus","Milos Forman (dir.), F. Murray Abraham, Tom Hulce","http://www.imdb.com/title/tt0086879/?pf_rd_m=A2FGELUUNOQJNL&pf_rd_p=e31d89dd-322d-4646-8962-327b42fe94b1&pf_rd_r=X37ZVGM5SQKW747MFCE5&pf_rd_s=center-1&pf_rd_t=15506&pf_rd_i=top&ref_=chttp_tt_83",1984,361333,8.3
"Como Estrelas na Terra","Aamir Khan (dir.), Darsheel Safary, Aamir Khan","http://www.imdb.com/title/tt0986264/?pf_rd_m=A2FGELUUNOQJNL&pf_rd_p=e31d89dd-322d-4646-8962-327b42fe94b1&pf_rd_r=X37ZVGM5SQKW747MFCE5&pf_rd_s=center-1&pf_rd_t=15506&pf_rd_i=top&ref_=chttp_tt_84",2007,162101,8.3
"Star Wars, Episódio VI: O Retorno do Jedi","Richard Marquand (dir.), Mark Hamill, Harrison Ford","http://www.imdb.com/title/tt0086190/?pf_rd_m=A2FGELUUNOQJNL&pf_rd_p=e31d89dd-322d-4646-8962-327b42fe94b1&pf_rd_r=X37ZVGM5SQKW747MFCE5&pf_rd_s=center-1&pf_rd_t=15506&pf_rd_i=top&ref_=chttp_tt_85",1983,928767,8.3
"Bastardos Inglórios","Quentin Tarantino (dir.), Brad Pitt, Diane Kruger","http://www.imdb.com/title/tt0361748/?pf_rd_m=A2FGELUUNOQJNL&pf_rd_p=e31d89dd-322d-4646-8962-327b42fe94b1&pf_rd_r=X37ZVGM5SQKW747MFCE5&pf_rd_s=center-1&pf_rd_t=15506&pf_rd_i=top&ref_=chttp_tt_86",2009,1231158,8.3
"Cães de Aluguel","Quentin Tarantino (dir.), Harvey Keitel, Tim Roth","http://www.imdb.com/title/tt0105236/?pf_rd_m=A2FGELUUNOQJNL&pf_rd_p=e31d89dd-322d-4646-8962-327b42fe94b1&pf_rd_r=X37ZVGM5SQKW747MFCE5&pf_rd_s=center-1&pf_rd_t=15506&pf_rd_i=top&ref_=chttp_tt_87",1992,897296,8.3
"Gênio Indomável","Gus Van Sant (dir.), Robin Williams, Matt Damon","http://www.imdb.com/title/tt0119217/?pf_rd_m=A2FGELUUNOQJNL&pf_rd_p=e31d89dd-322d-4646-8962-327b42fe94b1&pf_rd_r=X37ZVGM5SQKW747MFCE5&pf_rd_s=center-1&pf_rd_t=15506&pf_rd_i=top&ref_=chttp_tt_88",1997,838243,8.3
"Cafarnaum","Nadine Labaki (dir.), Zain Al Rafeea, Yordanos Shiferaw","http://www.imdb.com/title/tt8267604/?pf_rd_m=A2FGELUUNOQJNL&pf_rd_p=e31d89dd-322d-4646-8962-327b42fe94b1&pf_rd_r=X37ZVGM5SQKW747MFCE5&pf_rd_s=center-1&pf_rd_t=15506&pf_rd_i=top&ref_=chttp_tt_89",2018,53887,8.3
"2001: Uma Odisséia no Espaço","Stanley Kubrick (dir.), Keir Dullea, Gary Lockwood","http://www.imdb.com/title/tt0062622/?pf_rd_m=A2FGELUUNOQJNL&pf_rd_p=e31d89dd-322d-4646-8962-327b42fe94b1&pf_rd_r=X37ZVGM5SQKW747MFCE5&pf_rd_s=center-1&pf_rd_t=15506&pf_rd_i=top&ref_=chttp_tt_90",1968,588469,8.3
"Réquiem para um Sonho","Darren Aronofsky (dir.), Ellen Burstyn, Jared Leto","http://www.imdb.com/title/tt0180093/?pf_rd_m=A2FGELUUNOQJNL&pf_rd_p=e31d89dd-322d-4646-8962-327b42fe94b1&pf_rd_r=X37ZVGM5SQKW747MFCE5&pf_rd_s=center-1&pf_rd_t=15506&pf_rd_i=top&ref_=chttp_tt_91",2000,749047,8.3
"Um Corpo que Cai","Alfred Hitchcock (dir.), James Stewart, Kim Novak","http://www.imdb.com/title/tt0052357/?pf_rd_m=A2FGELUUNOQJNL&pf_rd_p=e31d89dd-322d-4646-8962-327b42fe94b1&pf_rd_r=X37ZVGM5SQKW747MFCE5&pf_rd_s=center-1&pf_rd_t=15506&pf_rd_i=top&ref_=chttp_tt_92",1958,353285,8.3
"M, o Vampiro de Dusseldorf","Fritz Lang (dir.), Peter Lorre, Ellen Widmann","http://www.imdb.com/title/tt0022100/?pf_rd_m=A2FGELUUNOQJNL&pf_rd_p=e31d89dd-322d-4646-8962-327b42fe94b1&pf_rd_r=X37ZVGM5SQKW747MFCE5&pf_rd_s=center-1&pf_rd_t=15506&pf_rd_i=top&ref_=chttp_tt_93",1931,139428,8.3
"Dangal","Nitesh Tiwari (dir.), Aamir Khan, Sakshi Tanwar","http://www.imdb.com/title/tt5074352/?pf_rd_m=A2FGELUUNOQJNL&pf_rd_p=e31d89dd-322d-4646-8962-327b42fe94b1&pf_rd_r=X37ZVGM5SQKW747MFCE5&pf_rd_s=center-1&pf_rd_t=15506&pf_rd_i=top&ref_=chttp_tt_94",2016,148177,8.3
"Brilho Eterno de uma Mente sem Lembranças","Michel Gondry (dir.), Jim Carrey, Kate Winslet","http://www.imdb.com/title/tt0338013/?pf_rd_m=A2FGELUUNOQJNL&pf_rd_p=e31d89dd-322d-4646-8962-327b42fe94b1&pf_rd_r=X37ZVGM5SQKW747MFCE5&pf_rd_s=center-1&pf_rd_t=15506&pf_rd_i=top&ref_=chttp_tt_95",2004,890791,8.3
"1917","Sam Mendes (dir.), Dean-Charles Chapman, George MacKay","http://www.imdb.com/title/tt8579674/?pf_rd_m=A2FGELUUNOQJNL&pf_rd_p=e31d89dd-322d-4646-8962-327b42fe94b1&pf_rd_r=X37ZVGM5SQKW747MFCE5&pf_rd_s=center-1&pf_rd_t=15506&pf_rd_i=top&ref_=chttp_tt_96",2019,365070,8.3
"A Caça","Thomas Vinterberg (dir.), Mads Mikkelsen, Thomas Bo Larsen","http://www.imdb.com/title/tt2106476/?pf_rd_m=A2FGELUUNOQJNL&pf_rd_p=e31d89dd-322d-4646-8962-327b42fe94b1&pf_rd_r=X37ZVGM5SQKW747MFCE5&pf_rd_s=center-1&pf_rd_t=15506&pf_rd_i=top&ref_=chttp_tt_97",2012,269936,8.3
"Cidadão Kane","Orson Welles (dir.), Orson Welles, Joseph Cotten","http://www.imdb.com/title/tt0033467/?pf_rd_m=A2FGELUUNOQJNL&pf_rd_p=e31d89dd-322d-4646-8962-327b42fe94b1&pf_rd_r=X37ZVGM5SQKW747MFCE5&pf_rd_s=center-1&pf_rd_t=15506&pf_rd_i=top&ref_=chttp_tt_98",1941,389707,8.3
"Nascido para Matar","Stanley Kubrick (dir.), Matthew Modine, R. Lee Ermey","http://www.imdb.com/title/tt0093058/?pf_rd_m=A2FGELUUNOQJNL&pf_rd_p=e31d89dd-322d-4646-8962-327b42fe94b1&pf_rd_r=X37ZVGM5SQKW747MFCE5&pf_rd_s=center-1&pf_rd_t=15506&pf_rd_i=top&ref_=chttp_tt_99",1987,658796,8.2
"Ladrões de Bicicletas","Vittorio De Sica (dir.), Lamberto Maggiorani, Enzo Staiola","http://www.imdb.com/title/tt0040522/?pf_rd_m=A2FGELUUNOQJNL&pf_rd_p=e31d89dd-322d-4646-8962-327b42fe94b1&pf_rd_r=X37ZVGM5SQKW747MFCE5&pf_rd_s=center-1&pf_rd_t=15506&pf_rd_i=top&ref_=chttp_tt_100",1948,141697,8.2
"O Garoto","Charles Chaplin (dir.), Charles Chaplin, Edna Purviance","http://www.imdb.com/title/tt0012349/?pf_rd_m=A2FGELUUNOQJNL&pf_rd_p=e31d89dd-322d-4646-8962-327b42fe94b1&pf_rd_r=X37ZVGM5SQKW747MFCE5&pf_rd_s=center-1&pf_rd_t=15506&pf_rd_i=top&ref_=chttp_tt_101",1921,109198,8.2
"Laranja Mecânica","Stanley Kubrick (dir.), Malcolm McDowell, Patrick Magee","http://www.imdb.com/title/tt0066921/?pf_rd_m=A2FGELUUNOQJNL&pf_rd_p=e31d89dd-322d-4646-8962-327b42fe94b1&pf_rd_r=X37ZVGM5SQKW747MFCE5&pf_rd_s=center-1&pf_rd_t=15506&pf_rd_i=top&ref_=chttp_tt_102",1971,740927,8.2
"Intriga Internacional","Alfred Hitchcock (dir.), Cary Grant, Eva Marie Saint","http://www.imdb.com/title/tt0053125/?pf_rd_m=A2FGELUUNOQJNL&pf_rd_p=e31d89dd-322d-4646-8962-327b42fe94b1&pf_rd_r=X37ZVGM5SQKW747MFCE5&pf_rd_s=center-1&pf_rd_t=15506&pf_rd_i=top&ref_=chttp_tt_103",1959,291892,8.2
"Snatch: Porcos e Diamantes","Guy Ritchie (dir.), Jason Statham, Brad Pitt","http://www.imdb.com/title/tt0208092/?pf_rd_m=A2FGELUUNOQJNL&pf_rd_p=e31d89dd-322d-4646-8962-327b42fe94b1&pf_rd_r=X37ZVGM5SQKW747MFCE5&pf_rd_s=center-1&pf_rd_t=15506&pf_rd_i=top&ref_=chttp_tt_104",2000,767105,8.2
"Cantando na Chuva","Stanley Donen (dir.), Gene Kelly, Donald O'Connor","http://www.imdb.com/title/tt0045152/?pf_rd_m=A2FGELUUNOQJNL&pf_rd_p=e31d89dd-322d-4646-8962-327b42fe94b1&pf_rd_r=X37ZVGM5SQKW747MFCE5&pf_rd_s=center-1&pf_rd_t=15506&pf_rd_i=top&ref_=chttp_tt_105",1952,213377,8.2
"Scarface","Brian De Palma (dir.), Al Pacino, Michelle Pfeiffer","http://www.imdb.com/title/tt0086250/?pf_rd_m=A2FGELUUNOQJNL&pf_rd_p=e31d89dd-322d-4646-8962-327b42fe94b1&pf_rd_r=X37ZVGM5SQKW747MFCE5&pf_rd_s=center-1&pf_rd_t=15506&pf_rd_i=top&ref_=chttp_tt_106",1983,721990,8.2
"Taxi Driver: Motorista de Táxi","Martin Scorsese (dir.), Robert De Niro, Jodie Foster","http://www.imdb.com/title/tt0075314/?pf_rd_m=A2FGELUUNOQJNL&pf_rd_p=e31d89dd-322d-4646-8962-327b42fe94b1&pf_rd_r=X37ZVGM5SQKW747MFCE5&pf_rd_s=center-1&pf_rd_t=15506&pf_rd_i=top&ref_=chttp_tt_107",1976,704021,8.2
"Viver","Akira Kurosawa (dir.), Takashi Shimura, Nobuo Kaneko","http://www.imdb.com/title/tt0044741/?pf_rd_m=A2FGELUUNOQJNL&pf_rd_p=e31d89dd-322d-4646-8962-327b42fe94b1&pf_rd_r=X37ZVGM5SQKW747MFCE5&pf_rd_s=center-1&pf_rd_t=15506&pf_rd_i=top&ref_=chttp_tt_108",1952,65482,8.2
"O Fabuloso Destino de Amélie Poulain","Jean-Pierre Jeunet (dir.), Audrey Tautou, Mathieu Kassovitz","http://www.imdb.com/title/tt0211915/?pf_rd_m=A2FGELUUNOQJNL&pf_rd_p=e31d89dd-322d-4646-8962-327b42fe94b1&pf_rd_r=X37ZVGM5SQKW747MFCE5&pf_rd_s=center-1&pf_rd_t=15506&pf_rd_i=top&ref_=chttp_tt_109",2001,690931,8.2
"Lawrence da Arábia","David Lean (dir.), Peter O'Toole, Alec Guinness","http://www.imdb.com/title/tt0056172/?pf_rd_m=A2FGELUUNOQJNL&pf_rd_p=e31d89dd-322d-4646-8962-327b42fe94b1&pf_rd_r=X37ZVGM5SQKW747MFCE5&pf_rd_s=center-1&pf_rd_t=15506&pf_rd_i=top&ref_=chttp_tt_110",1962,261746,8.2
"Toy Story 3","Lee Unkrich (dir.), Tom Hanks, Tim Allen","http://www.imdb.com/title/tt0435761/?pf_rd_m=A2FGELUUNOQJNL&pf_rd_p=e31d89dd-322d-4646-8962-327b42fe94b1&pf_rd_r=X37ZVGM5SQKW747MFCE5&pf_rd_s=center-1&pf_rd_t=15506&pf_rd_i=top&ref_=chttp_tt_111",2010,740278,8.2
"Golpe de Mestre","George Roy Hill (dir.), Paul Newman, Robert Redford","http://www.imdb.com/title/tt0070735/?pf_rd_m=A2FGELUUNOQJNL&pf_rd_p=e31d89dd-322d-4646-8962-327b42fe94b1&pf_rd_r=X37ZVGM5SQKW747MFCE5&pf_rd_s=center-1&pf_rd_t=15506&pf_rd_i=top&ref_=chttp_tt_112",1973,236492,8.2
"Metrópolis","Fritz Lang (dir.), Brigitte Helm, Alfred Abel","http://www.imdb.com/title/tt0017136/?pf_rd_m=A2FGELUUNOQJNL&pf_rd_p=e31d89dd-322d-4646-8962-327b42fe94b1&pf_rd_r=X37ZVGM5SQKW747MFCE5&pf_rd_s=center-1&pf_rd_t=15506&pf_rd_i=top&ref_=chttp_tt_113",1927,156239,8.2
"A Separação","Asghar Farhadi (dir.), Payman Maadi, Leila Hatami","http://www.imdb.com/title/tt1832382/?pf_rd_m=A2FGELUUNOQJNL&pf_rd_p=e31d89dd-322d-4646-8962-327b42fe94b1&pf_rd_r=X37ZVGM5SQKW747MFCE5&pf_rd_s=center-1&pf_rd_t=15506&pf_rd_i=top&ref_=chttp_tt_114",2011,214340,8.2
"Por uns Dólares a Mais","Sergio Leone (dir.), Clint Eastwood, Lee Van Cleef","http://www.imdb.com/title/tt0059578/?pf_rd_m=A2FGELUUNOQJNL&pf_rd_p=e31d89dd-322d-4646-8962-327b42fe94b1&pf_rd_r=X37ZVGM5SQKW747MFCE5&pf_rd_s=center-1&pf_rd_t=15506&pf_rd_i=top&ref_=chttp_tt_115",1965,226338,8.2
"Incêndios","Denis Villeneuve (dir.), Lubna Azabal, Mélissa Désormeaux-Poulin","http://www.imdb.com/title/tt1255953/?pf_rd_m=A2FGELUUNOQJNL&pf_rd_p=e31d89dd-322d-4646-8962-327b42fe94b1&pf_rd_r=X37ZVGM5SQKW747MFCE5&pf_rd_s=center-1&pf_rd_t=15506&pf_rd_i=top&ref_=chttp_tt_116",2010,142798,8.2
"Se Meu Apartamento Falasse","Billy Wilder (dir.), Jack Lemmon, Shirley MacLaine","http://www.imdb.com/title/tt0053604/?pf_rd_m=A2FGELUUNOQJNL&pf_rd_p=e31d89dd-322d-4646-8962-327b42fe94b1&pf_rd_r=X37ZVGM5SQKW747MFCE5&pf_rd_s=center-1&pf_rd_t=15506&pf_rd_i=top&ref_=chttp_tt_117",1960,159240,8.2
"Pacto de Sangue","Billy Wilder (dir.), Fred MacMurray, Barbara Stanwyck","http://www.imdb.com/title/tt0036775/?pf_rd_m=A2FGELUUNOQJNL&pf_rd_p=e31d89dd-322d-4646-8962-327b42fe94b1&pf_rd_r=X37ZVGM5SQKW747MFCE5&pf_rd_s=center-1&pf_rd_t=15506&pf_rd_i=top&ref_=chttp_tt_118",1944,139705,8.2
"Vá e Veja","Elem Klimov (dir.), Aleksey Kravchenko, Olga Mironova","http://www.imdb.com/title/tt0091251/?pf_rd_m=A2FGELUUNOQJNL&pf_rd_p=e31d89dd-322d-4646-8962-327b42fe94b1&pf_rd_r=X37ZVGM5SQKW747MFCE5&pf_rd_s=center-1&pf_rd_t=15506&pf_rd_i=top&ref_=chttp_tt_119",1985,54426,8.2
"O Sol é para Todos","Robert Mulligan (dir.), Gregory Peck, John Megna","http://www.imdb.com/title/tt0056592/?pf_rd_m=A2FGELUUNOQJNL&pf_rd_p=e31d89dd-322d-4646-8962-327b42fe94b1&pf_rd_r=X37ZVGM5SQKW747MFCE5&pf_rd_s=center-1&pf_rd_t=15506&pf_rd_i=top&ref_=chttp_tt_120",1962,288987,8.2
"Indiana Jones e a Última Cruzada","Steven Spielberg (dir.), Harrison Ford, Sean Connery","http://www.imdb.com/title/tt0097576/?pf_rd_m=A2FGELUUNOQJNL&pf_rd_p=e31d89dd-322d-4646-8962-327b42fe94b1&pf_rd_r=X37ZVGM5SQKW747MFCE5&pf_rd_s=center-1&pf_rd_t=15506&pf_rd_i=top&ref_=chttp_tt_121",1989,677492,8.2
"Up: Altas Aventuras","Pete Docter (dir.), Edward Asner, Jordan Nagai","http://www.imdb.com/title/tt1049413/?pf_rd_m=A2FGELUUNOQJNL&pf_rd_p=e31d89dd-322d-4646-8962-327b42fe94b1&pf_rd_r=X37ZVGM5SQKW747MFCE5&pf_rd_s=center-1&pf_rd_t=15506&pf_rd_i=top&ref_=chttp_tt_122",2009,912239,8.2
"Los Angeles: Cidade Proibida","Curtis Hanson (dir.), Kevin Spacey, Russell Crowe","http://www.imdb.com/title/tt0119488/?pf_rd_m=A2FGELUUNOQJNL&pf_rd_p=e31d89dd-322d-4646-8962-327b42fe94b1&pf_rd_r=X37ZVGM5SQKW747MFCE5&pf_rd_s=center-1&pf_rd_t=15506&pf_rd_i=top&ref_=chttp_tt_123",1997,521913,8.2
"Fogo Contra Fogo","Michael Mann (dir.), Al Pacino, Robert De Niro","http://www.imdb.com/title/tt0113277/?pf_rd_m=A2FGELUUNOQJNL&pf_rd_p=e31d89dd-322d-4646-8962-327b42fe94b1&pf_rd_r=X37ZVGM5SQKW747MFCE5&pf_rd_s=center-1&pf_rd_t=15506&pf_rd_i=top&ref_=chttp_tt_124",1995,562880,8.2
"Monty Python em Busca do Cálice Sagrado","Terry Gilliam (dir.), Graham Chapman, John Cleese","http://www.imdb.com/title/tt0071853/?pf_rd_m=A2FGELUUNOQJNL&pf_rd_p=e31d89dd-322d-4646-8962-327b42fe94b1&pf_rd_r=X37ZVGM5SQKW747MFCE5&pf_rd_s=center-1&pf_rd_t=15506&pf_rd_i=top&ref_=chttp_tt_125",1975,491982,8.2
"Duro de Matar","John McTiernan (dir.), Bruce Willis, Alan Rickman","http://www.imdb.com/title/tt0095016/?pf_rd_m=A2FGELUUNOQJNL&pf_rd_p=e31d89dd-322d-4646-8962-327b42fe94b1&pf_rd_r=X37ZVGM5SQKW747MFCE5&pf_rd_s=center-1&pf_rd_t=15506&pf_rd_i=top&ref_=chttp_tt_126",1988,768432,8.2
"Rashomon","Akira Kurosawa (dir.), Toshirô Mifune, Machiko Kyô","http://www.imdb.com/title/tt0042876/?pf_rd_m=A2FGELUUNOQJNL&pf_rd_p=e31d89dd-322d-4646-8962-327b42fe94b1&pf_rd_r=X37ZVGM5SQKW747MFCE5&pf_rd_s=center-1&pf_rd_t=15506&pf_rd_i=top&ref_=chttp_tt_127",1950,148365,8.2
"Yojimbo, o Guarda-Costas","Akira Kurosawa (dir.), Toshirô Mifune, Eijirô Tôno","http://www.imdb.com/title/tt0055630/?pf_rd_m=A2FGELUUNOQJNL&pf_rd_p=e31d89dd-322d-4646-8962-327b42fe94b1&pf_rd_r=X37ZVGM5SQKW747MFCE5&pf_rd_s=center-1&pf_rd_t=15506&pf_rd_i=top&ref_=chttp_tt_128",1961,107759,8.2
"Batman Begins","Christopher Nolan (dir.), Christian Bale, Michael Caine","http://www.imdb.com/title/tt0372784/?pf_rd_m=A2FGELUUNOQJNL&pf_rd_p=e31d89dd-322d-4646-8962-327b42fe94b1&pf_rd_r=X37ZVGM5SQKW747MFCE5&pf_rd_s=center-1&pf_rd_t=15506&pf_rd_i=top&ref_=chttp_tt_129",2005,1279502,8.2
"Green Book: O Guia","Peter Farrelly (dir.), Viggo Mortensen, Mahershala Ali","http://www.imdb.com/title/tt6966692/?pf_rd_m=A2FGELUUNOQJNL&pf_rd_p=e31d89dd-322d-4646-8962-327b42fe94b1&pf_rd_r=X37ZVGM5SQKW747MFCE5&pf_rd_s=center-1&pf_rd_t=15506&pf_rd_i=top&ref_=chttp_tt_130",2018,342968,8.2
"A Queda! As Últimas Horas de Hitler","Oliver Hirschbiegel (dir.), Bruno Ganz, Alexandra Maria Lara","http://www.imdb.com/title/tt0363163/?pf_rd_m=A2FGELUUNOQJNL&pf_rd_p=e31d89dd-322d-4646-8962-327b42fe94b1&pf_rd_r=X37ZVGM5SQKW747MFCE5&pf_rd_s=center-1&pf_rd_t=15506&pf_rd_i=top&ref_=chttp_tt_131",2004,324914,8.2
"Filhos do Paraíso","Majid Majidi (dir.), Mohammad Amir Naji, Amir Farrokh Hashemian","http://www.imdb.com/title/tt0118849/?pf_rd_m=A2FGELUUNOQJNL&pf_rd_p=e31d89dd-322d-4646-8962-327b42fe94b1&pf_rd_r=X37ZVGM5SQKW747MFCE5&pf_rd_s=center-1&pf_rd_t=15506&pf_rd_i=top&ref_=chttp_tt_132",1997,62426,8.2
"Os Imperdoáveis","Clint Eastwood (dir.), Clint Eastwood, Gene Hackman","http://www.imdb.com/title/tt0105695/?pf_rd_m=A2FGELUUNOQJNL&pf_rd_p=e31d89dd-322d-4646-8962-327b42fe94b1&pf_rd_r=X37ZVGM5SQKW747MFCE5&pf_rd_s=center-1&pf_rd_t=15506&pf_rd_i=top&ref_=chttp_tt_133",1992,367665,8.2
"Anand","Hrishikesh Mukherjee (dir.), Rajesh Khanna, Amitabh Bachchan","http://www.imdb.com/title/tt0066763/?pf_rd_m=A2FGELUUNOQJNL&pf_rd_p=e31d89dd-322d-4646-8962-327b42fe94b1&pf_rd_r=X37ZVGM5SQKW747MFCE5&pf_rd_s=center-1&pf_rd_t=15506&pf_rd_i=top&ref_=chttp_tt_134",1971,28246,8.2
"Quanto Mais Quente Melhor","Billy Wilder (dir.), Marilyn Monroe, Tony Curtis","http://www.imdb.com/title/tt0053291/?pf_rd_m=A2FGELUUNOQJNL&pf_rd_p=e31d89dd-322d-4646-8962-327b42fe94b1&pf_rd_r=X37ZVGM5SQKW747MFCE5&pf_rd_s=center-1&pf_rd_t=15506&pf_rd_i=top&ref_=chttp_tt_135",1959,238281,8.2
"Ran","Akira Kurosawa (dir.), Tatsuya Nakadai, Akira Terao","http://www.imdb.com/title/tt0089881/?pf_rd_m=A2FGELUUNOQJNL&pf_rd_p=e31d89dd-322d-4646-8962-327b42fe94b1&pf_rd_r=X37ZVGM5SQKW747MFCE5&pf_rd_s=center-1&pf_rd_t=15506&pf_rd_i=top&ref_=chttp_tt_136",1985,109021,8.2
"O Castelo Animado","Hayao Miyazaki (dir.), Chieko Baishô, Takuya Kimura","http://www.imdb.com/title/tt0347149/?pf_rd_m=A2FGELUUNOQJNL&pf_rd_p=e31d89dd-322d-4646-8962-327b42fe94b1&pf_rd_r=X37ZVGM5SQKW747MFCE5&pf_rd_s=center-1&pf_rd_t=15506&pf_rd_i=top&ref_=chttp_tt_137",2004,319673,8.2
"Uma Mente Brilhante","Ron Howard (dir.), Russell Crowe, Ed Harris","http://www.imdb.com/title/tt0268978/?pf_rd_m=A2FGELUUNOQJNL&pf_rd_p=e31d89dd-322d-4646-8962-327b42fe94b1&pf_rd_r=X37ZVGM5SQKW747MFCE5&pf_rd_s=center-1&pf_rd_t=15506&pf_rd_i=top&ref_=chttp_tt_138",2001,828354,8.2
"A Malvada","Joseph L. Mankiewicz (dir.), Bette Davis, Anne Baxter","http://www.imdb.com/title/tt0042192/?pf_rd_m=A2FGELUUNOQJNL&pf_rd_p=e31d89dd-322d-4646-8962-327b42fe94b1&pf_rd_r=X37ZVGM5SQKW747MFCE5&pf_rd_s=center-1&pf_rd_t=15506&pf_rd_i=top&ref_=chttp_tt_139",1950,117754,8.2
"Fugindo do Inferno","John Sturges (dir.), Steve McQueen, James Garner","http://www.imdb.com/title/tt0057115/?pf_rd_m=A2FGELUUNOQJNL&pf_rd_p=e31d89dd-322d-4646-8962-327b42fe94b1&pf_rd_r=X37ZVGM5SQKW747MFCE5&pf_rd_s=center-1&pf_rd_t=15506&pf_rd_i=top&ref_=chttp_tt_140",1963,219886,8.2
"Cassino","Martin Scorsese (dir.), Robert De Niro, Sharon Stone","http://www.imdb.com/title/tt0112641/?pf_rd_m=A2FGELUUNOQJNL&pf_rd_p=e31d89dd-322d-4646-8962-327b42fe94b1&pf_rd_r=X37ZVGM5SQKW747MFCE5&pf_rd_s=center-1&pf_rd_t=15506&pf_rd_i=top&ref_=chttp_tt_141",1995,453355,8.2
"O Labirinto do Fauno","Guillermo del Toro (dir.), Ivana Baquero, Ariadna Gil","http://www.imdb.com/title/tt0457430/?pf_rd_m=A2FGELUUNOQJNL&pf_rd_p=e31d89dd-322d-4646-8962-327b42fe94b1&pf_rd_r=X37ZVGM5SQKW747MFCE5&pf_rd_s=center-1&pf_rd_t=15506&pf_rd_i=top&ref_=chttp_tt_142",2006,607392,8.2
"O Lobo de Wall Street","Martin Scorsese (dir.), Leonardo DiCaprio, Jonah Hill","http://www.imdb.com/title/tt0993846/?pf_rd_m=A2FGELUUNOQJNL&pf_rd_p=e31d89dd-322d-4646-8962-327b42fe94b1&pf_rd_r=X37ZVGM5SQKW747MFCE5&pf_rd_s=center-1&pf_rd_t=15506&pf_rd_i=top&ref_=chttp_tt_143",2013,1142899,8.2
"O Segredo dos Seus Olhos","Juan José Campanella (dir.), Ricardo Darín, Soledad Villamil","http://www.imdb.com/title/tt1305806/?pf_rd_m=A2FGELUUNOQJNL&pf_rd_p=e31d89dd-322d-4646-8962-327b42fe94b1&pf_rd_r=X37ZVGM5SQKW747MFCE5&pf_rd_s=center-1&pf_rd_t=15506&pf_rd_i=top&ref_=chttp_tt_144",2009,188060,8.2
"Jogos, Trapaças e Dois Canos Fumegantes","Guy Ritchie (dir.), Jason Flemyng, Dexter Fletcher","http://www.imdb.com/title/tt0120735/?pf_rd_m=A2FGELUUNOQJNL&pf_rd_p=e31d89dd-322d-4646-8962-327b42fe94b1&pf_rd_r=X37ZVGM5SQKW747MFCE5&pf_rd_s=center-1&pf_rd_t=15506&pf_rd_i=top&ref_=chttp_tt_145",1998,524899,8.1
"Meu Amigo Totoro","Hayao Miyazaki (dir.), Hitoshi Takagi, Noriko Hidaka","http://www.imdb.com/title/tt0096283/?pf_rd_m=A2FGELUUNOQJNL&pf_rd_p=e31d89dd-322d-4646-8962-327b42fe94b1&pf_rd_r=X37ZVGM5SQKW747MFCE5&pf_rd_s=center-1&pf_rd_t=15506&pf_rd_i=top&ref_=chttp_tt_146",1988,278849,8.1
"Touro Indomável","Martin Scorsese (dir.), Robert De Niro, Cathy Moriarty","http://www.imdb.com/title/tt0081398/?pf_rd_m=A2FGELUUNOQJNL&pf_rd_p=e31d89dd-322d-4646-8962-327b42fe94b1&pf_rd_r=X37ZVGM5SQKW747MFCE5&pf_rd_s=center-1&pf_rd_t=15506&pf_rd_i=top&ref_=chttp_tt_147",1980,314092,8.1
"Sangue Negro","Paul Thomas Anderson (dir.), Daniel Day-Lewis, Paul Dano","http://www.imdb.com/title/tt0469494/?pf_rd_m=A2FGELUUNOQJNL&pf_rd_p=e31d89dd-322d-4646-8962-327b42fe94b1&pf_rd_r=X37ZVGM5SQKW747MFCE5&pf_rd_s=center-1&pf_rd_t=15506&pf_rd_i=top&ref_=chttp_tt_148",2007,503497,8.1
"Julgamento em Nuremberg","Stanley Kramer (dir.), Spencer Tracy, Burt Lancaster","http://www.imdb.com/title/tt0055031/?pf_rd_m=A2FGELUUNOQJNL&pf_rd_p=e31d89dd-322d-4646-8962-327b42fe94b1&pf_rd_r=X37ZVGM5SQKW747MFCE5&pf_rd_s=center-1&pf_rd_t=15506&pf_rd_i=top&ref_=chttp_tt_149",1961,67443,8.1
"O Tesouro da Sierra Madre","John Huston (dir.), Humphrey Bogart, Walter Huston","http://www.imdb.com/title/tt0040897/?pf_rd_m=A2FGELUUNOQJNL&pf_rd_p=e31d89dd-322d-4646-8962-327b42fe94b1&pf_rd_r=X37ZVGM5SQKW747MFCE5&pf_rd_s=center-1&pf_rd_t=15506&pf_rd_i=top&ref_=chttp_tt_150",1948,111604,8.1
"Três Anúncios para um Crime","Martin McDonagh (dir.), Frances McDormand, Woody Harrelson","http://www.imdb.com/title/tt5027774/?pf_rd_m=A2FGELUUNOQJNL&pf_rd_p=e31d89dd-322d-4646-8962-327b42fe94b1&pf_rd_r=X37ZVGM5SQKW747MFCE5&pf_rd_s=center-1&pf_rd_t=15506&pf_rd_i=top&ref_=chttp_tt_151",2017,412332,8.1
"Meu Pai e Meu Filho","Çagan Irmak (dir.), Çetin Tekindor, Fikret Kuskan","http://www.imdb.com/title/tt0476735/?pf_rd_m=A2FGELUUNOQJNL&pf_rd_p=e31d89dd-322d-4646-8962-327b42fe94b1&pf_rd_r=X37ZVGM5SQKW747MFCE5&pf_rd_s=center-1&pf_rd_t=15506&pf_rd_i=top&ref_=chttp_tt_152",2005,76123,8.1
"Disque M para Matar","Alfred Hitchcock (dir.), Ray Milland, Grace Kelly","http://www.imdb.com/title/tt0046912/?pf_rd_m=A2FGELUUNOQJNL&pf_rd_p=e31d89dd-322d-4646-8962-327b42fe94b1&pf_rd_r=X37ZVGM5SQKW747MFCE5&pf_rd_s=center-1&pf_rd_t=15506&pf_rd_i=top&ref_=chttp_tt_153",1954,153523,8.1
"Em Busca do Ouro","Charles Chaplin (dir.), Charles Chaplin, Mack Swain","http://www.imdb.com/title/tt0015864/?pf_rd_m=A2FGELUUNOQJNL&pf_rd_p=e31d89dd-322d-4646-8962-327b42fe94b1&pf_rd_r=X37ZVGM5SQKW747MFCE5&pf_rd_s=center-1&pf_rd_t=15506&pf_rd_i=top&ref_=chttp_tt_154",1925,97608,8.1
"Chinatown","Roman Polanski (dir.), Jack Nicholson, Faye Dunaway","http://www.imdb.com/title/tt0071315/?pf_rd_m=A2FGELUUNOQJNL&pf_rd_p=e31d89dd-322d-4646-8962-327b42fe94b1&pf_rd_r=X37ZVGM5SQKW747MFCE5&pf_rd_s=center-1&pf_rd_t=15506&pf_rd_i=top&ref_=chttp_tt_155",1974,287122,8.1
"Ilha do Medo","Martin Scorsese (dir.), Leonardo DiCaprio, Emily Mortimer","http://www.imdb.com/title/tt1130884/?pf_rd_m=A2FGELUUNOQJNL&pf_rd_p=e31d89dd-322d-4646-8962-327b42fe94b1&pf_rd_r=X37ZVGM5SQKW747MFCE5&pf_rd_s=center-1&pf_rd_t=15506&pf_rd_i=top&ref_=chttp_tt_156",2010,1097209,8.1
"V de Vingança","James McTeigue (dir.), Hugo Weaving, Natalie Portman","http://www.imdb.com/title/tt0434409/?pf_rd_m=A2FGELUUNOQJNL&pf_rd_p=e31d89dd-322d-4646-8962-327b42fe94b1&pf_rd_r=X37ZVGM5SQKW747MFCE5&pf_rd_s=center-1&pf_rd_t=15506&pf_rd_i=top&ref_=chttp_tt_157",2005,1010462,8.1
"Onde os Fracos Não Têm Vez","Ethan Coen (dir.), Tommy Lee Jones, Javier Bardem","http://www.imdb.com/title/tt0477348/?pf_rd_m=A2FGELUUNOQJNL&pf_rd_p=e31d89dd-322d-4646-8962-327b42fe94b1&pf_rd_r=X37ZVGM5SQKW747MFCE5&pf_rd_s=center-1&pf_rd_t=15506&pf_rd_i=top&ref_=chttp_tt_158",2007,832578,8.1
"O Sétimo Selo","Ingmar Bergman (dir.), Max von Sydow, Gunnar Björnstrand","http://www.imdb.com/title/tt0050976/?pf_rd_m=A2FGELUUNOQJNL&pf_rd_p=e31d89dd-322d-4646-8962-327b42fe94b1&pf_rd_r=X37ZVGM5SQKW747MFCE5&pf_rd_s=center-1&pf_rd_t=15506&pf_rd_i=top&ref_=chttp_tt_159",1957,159536,8.1
"Divertida Mente","Pete Docter (dir.), Amy Poehler, Bill Hader","http://www.imdb.com/title/tt2096673/?pf_rd_m=A2FGELUUNOQJNL&pf_rd_p=e31d89dd-322d-4646-8962-327b42fe94b1&pf_rd_r=X37ZVGM5SQKW747MFCE5&pf_rd_s=center-1&pf_rd_t=15506&pf_rd_i=top&ref_=chttp_tt_160",2015,593251,8.1
"Guerreiro","Gavin O'Connor (dir.), Tom Hardy, Nick Nolte","http://www.imdb.com/title/tt1291584/?pf_rd_m=A2FGELUUNOQJNL&pf_rd_p=e31d89dd-322d-4646-8962-327b42fe94b1&pf_rd_r=X37ZVGM5SQKW747MFCE5&pf_rd_s=center-1&pf_rd_t=15506&pf_rd_i=top&ref_=chttp_tt_161",2011,427872,8.1
"O Homem Elefante","David Lynch (dir.), Anthony Hopkins, John Hurt","http://www.imdb.com/title/tt0080678/?pf_rd_m=A2FGELUUNOQJNL&pf_rd_p=e31d89dd-322d-4646-8962-327b42fe94b1&pf_rd_r=X37ZVGM5SQKW747MFCE5&pf_rd_s=center-1&pf_rd_t=15506&pf_rd_i=top&ref_=chttp_tt_162",1980,214703,8.1
"Trainspotting: Sem Limites","Danny Boyle (dir.), Ewan McGregor, Ewen Bremner","http://www.imdb.com/title/tt0117951/?pf_rd_m=A2FGELUUNOQJNL&pf_rd_p=e31d89dd-322d-4646-8962-327b42fe94b1&pf_rd_r=X37ZVGM5SQKW747MFCE5&pf_rd_s=center-1&pf_rd_t=15506&pf_rd_i=top&ref_=chttp_tt_163",1996,623800,8.1
"O Sexto Sentido","M. Night Shyamalan (dir.), Bruce Willis, Haley Joel Osment","http://www.imdb.com/title/tt0167404/?pf_rd_m=A2FGELUUNOQJNL&pf_rd_p=e31d89dd-322d-4646-8962-327b42fe94b1&pf_rd_r=X37ZVGM5SQKW747MFCE5&pf_rd_s=center-1&pf_rd_t=15506&pf_rd_i=top&ref_=chttp_tt_164",1999,895045,8.1
"O Enigma de Outro Mundo","John Carpenter (dir.), Kurt Russell, Wilford Brimley","http://www.imdb.com/title/tt0084787/?pf_rd_m=A2FGELUUNOQJNL&pf_rd_p=e31d89dd-322d-4646-8962-327b42fe94b1&pf_rd_r=X37ZVGM5SQKW747MFCE5&pf_rd_s=center-1&pf_rd_t=15506&pf_rd_i=top&ref_=chttp_tt_165",1982,360505,8.1
"Jurassic Park: O Parque dos Dinossauros","Steven Spielberg (dir.), Sam Neill, Laura Dern","http://www.imdb.com/title/tt0107290/?pf_rd_m=A2FGELUUNOQJNL&pf_rd_p=e31d89dd-322d-4646-8962-327b42fe94b1&pf_rd_r=X37ZVGM5SQKW747MFCE5&pf_rd_s=center-1&pf_rd_t=15506&pf_rd_i=top&ref_=chttp_tt_166",1993,846892,8.1
"...E o Vento Levou","Victor Fleming (dir.), Clark Gable, Vivien Leigh","http://www.imdb.com/title/tt0031381/?pf_rd_m=A2FGELUUNOQJNL&pf_rd_p=e31d89dd-322d-4646-8962-327b42fe94b1&pf_rd_r=X37ZVGM5SQKW747MFCE5&pf_rd_s=center-1&pf_rd_t=15506&pf_rd_i=top&ref_=chttp_tt_167",1939,284249,8.1
"Morangos Silvestres","Ingmar Bergman (dir.), Victor Sjöström, Bibi Andersson","http://www.imdb.com/title/tt0050986/?pf_rd_m=A2FGELUUNOQJNL&pf_rd_p=e31d89dd-322d-4646-8962-327b42fe94b1&pf_rd_r=X37ZVGM5SQKW747MFCE5&pf_rd_s=center-1&pf_rd_t=15506&pf_rd_i=top&ref_=chttp_tt_168",1957,92953,8.1
"O Show de Truman: O Show da Vida","Peter Weir (dir.), Jim Carrey, Ed Harris","http://www.imdb.com/title/tt0120382/?pf_rd_m=A2FGELUUNOQJNL&pf_rd_p=e31d89dd-322d-4646-8962-327b42fe94b1&pf_rd_r=X37ZVGM5SQKW747MFCE5&pf_rd_s=center-1&pf_rd_t=15506&pf_rd_i=top&ref_=chttp_tt_169",1998,911534,8.1
"Procurando Nemo","Andrew Stanton (dir.), Albert Brooks, Ellen DeGeneres","http://www.imdb.com/title/tt0266543/?pf_rd_m=A2FGELUUNOQJNL&pf_rd_p=e31d89dd-322d-4646-8962-327b42fe94b1&pf_rd_r=X37ZVGM5SQKW747MFCE5&pf_rd_s=center-1&pf_rd_t=15506&pf_rd_i=top&ref_=chttp_tt_170",2003,928718,8.1
"Blade Runner: O Caçador de Androides","Ridley Scott (dir.), Harrison Ford, Rutger Hauer","http://www.imdb.com/title/tt0083658/?pf_rd_m=A2FGELUUNOQJNL&pf_rd_p=e31d89dd-322d-4646-8962-327b42fe94b1&pf_rd_r=X37ZVGM5SQKW747MFCE5&pf_rd_s=center-1&pf_rd_t=15506&pf_rd_i=top&ref_=chttp_tt_171",1982,678604,8.1
"O Quarto de Jack","Lenny Abrahamson (dir.), Brie Larson, Jacob Tremblay","http://www.imdb.com/title/tt3170832/?pf_rd_m=A2FGELUUNOQJNL&pf_rd_p=e31d89dd-322d-4646-8962-327b42fe94b1&pf_rd_r=X37ZVGM5SQKW747MFCE5&pf_rd_s=center-1&pf_rd_t=15506&pf_rd_i=top&ref_=chttp_tt_172",2015,357905,8.1
"A Ponte do Rio Kwai","David Lean (dir.), William Holden, Alec Guinness","http://www.imdb.com/title/tt0050212/?pf_rd_m=A2FGELUUNOQJNL&pf_rd_p=e31d89dd-322d-4646-8962-327b42fe94b1&pf_rd_r=X37ZVGM5SQKW747MFCE5&pf_rd_s=center-1&pf_rd_t=15506&pf_rd_i=top&ref_=chttp_tt_173",1957,198896,8.1
"Stalker","Andrei Tarkovsky (dir.), Alisa Freyndlikh, Aleksandr Kaydanovskiy","http://www.imdb.com/title/tt0079944/?pf_rd_m=A2FGELUUNOQJNL&pf_rd_p=e31d89dd-322d-4646-8962-327b42fe94b1&pf_rd_r=X37ZVGM5SQKW747MFCE5&pf_rd_s=center-1&pf_rd_t=15506&pf_rd_i=top&ref_=chttp_tt_174",1979,112169,8.1
"Kill Bill: Volume 1","Quentin Tarantino (dir.), Uma Thurman, David Carradine","http://www.imdb.com/title/tt0266697/?pf_rd_m=A2FGELUUNOQJNL&pf_rd_p=e31d89dd-322d-4646-8962-327b42fe94b1&pf_rd_r=X37ZVGM5SQKW747MFCE5&pf_rd_s=center-1&pf_rd_t=15506&pf_rd_i=top&ref_=chttp_tt_175",2003,978085,8.1
"Fargo: Uma Comédia de Erros","Joel Coen (dir.), William H. Macy, Frances McDormand","http://www.imdb.com/title/tt0116282/?pf_rd_m=A2FGELUUNOQJNL&pf_rd_p=e31d89dd-322d-4646-8962-327b42fe94b1&pf_rd_r=X37ZVGM5SQKW747MFCE5&pf_rd_s=center-1&pf_rd_t=15506&pf_rd_i=top&ref_=chttp_tt_176",1996,601425,8.1
"Era uma Vez em Tóquio","Yasujirô Ozu (dir.), Chishû Ryû, Chieko Higashiyama","http://www.imdb.com/title/tt0046438/?pf_rd_m=A2FGELUUNOQJNL&pf_rd_p=e31d89dd-322d-4646-8962-327b42fe94b1&pf_rd_r=X37ZVGM5SQKW747MFCE5&pf_rd_s=center-1&pf_rd_t=15506&pf_rd_i=top&ref_=chttp_tt_177",1953,50561,8.1
"O 3º Homem","Carol Reed (dir.), Orson Welles, Joseph Cotten","http://www.imdb.com/title/tt0041959/?pf_rd_m=A2FGELUUNOQJNL&pf_rd_p=e31d89dd-322d-4646-8962-327b42fe94b1&pf_rd_r=X37ZVGM5SQKW747MFCE5&pf_rd_s=center-1&pf_rd_t=15506&pf_rd_i=top&ref_=chttp_tt_178",1949,155375,8.1
"Sindicato de Ladrões","Elia Kazan (dir.), Marlon Brando, Karl Malden","http://www.imdb.com/title/tt0047296/?pf_rd_m=A2FGELUUNOQJNL&pf_rd_p=e31d89dd-322d-4646-8962-327b42fe94b1&pf_rd_r=X37ZVGM5SQKW747MFCE5&pf_rd_s=center-1&pf_rd_t=15506&pf_rd_i=top&ref_=chttp_tt_179",1954,138690,8.1
"Memórias de um Assassino","Bong Joon Ho (dir.), Kang-ho Song, Sang-kyung Kim","http://www.imdb.com/title/tt0353969/?pf_rd_m=A2FGELUUNOQJNL&pf_rd_p=e31d89dd-322d-4646-8962-327b42fe94b1&pf_rd_r=X37ZVGM5SQKW747MFCE5&pf_rd_s=center-1&pf_rd_t=15506&pf_rd_i=top&ref_=chttp_tt_180",2003,128433,8.1
"Gran Torino","Clint Eastwood (dir.), Clint Eastwood, Bee Vang","http://www.imdb.com/title/tt1205489/?pf_rd_m=A2FGELUUNOQJNL&pf_rd_p=e31d89dd-322d-4646-8962-327b42fe94b1&pf_rd_r=X37ZVGM5SQKW747MFCE5&pf_rd_s=center-1&pf_rd_t=15506&pf_rd_i=top&ref_=chttp_tt_181",2008,707610,8.1
"O Franco Atirador","Michael Cimino (dir.), Robert De Niro, Christopher Walken","http://www.imdb.com/title/tt0077416/?pf_rd_m=A2FGELUUNOQJNL&pf_rd_p=e31d89dd-322d-4646-8962-327b42fe94b1&pf_rd_r=X37ZVGM5SQKW747MFCE5&pf_rd_s=center-1&pf_rd_t=15506&pf_rd_i=top&ref_=chttp_tt_182",1978,304652,8.1
"Relatos Selvagens","Damián Szifron (dir.), Darío Grandinetti, María Marull","http://www.imdb.com/title/tt3011894/?pf_rd_m=A2FGELUUNOQJNL&pf_rd_p=e31d89dd-322d-4646-8962-327b42fe94b1&pf_rd_r=X37ZVGM5SQKW747MFCE5&pf_rd_s=center-1&pf_rd_t=15506&pf_rd_i=top&ref_=chttp_tt_183",2014,170742,8.1
"Klaus","Sergio Pablos (dir.), Jason Schwartzman, J.K. Simmons","http://www.imdb.com/title/tt4729430/?pf_rd_m=A2FGELUUNOQJNL&pf_rd_p=e31d89dd-322d-4646-8962-327b42fe94b1&pf_rd_r=X37ZVGM5SQKW747MFCE5&pf_rd_s=center-1&pf_rd_t=15506&pf_rd_i=top&ref_=chttp_tt_184",2019,75138,8.1
"Assassinato às Cegas","Sriram Raghavan (dir.), Ayushmann Khurrana, Tabu","http://www.imdb.com/title/tt8108198/?pf_rd_m=A2FGELUUNOQJNL&pf_rd_p=e31d89dd-322d-4646-8962-327b42fe94b1&pf_rd_r=X37ZVGM5SQKW747MFCE5&pf_rd_s=center-1&pf_rd_t=15506&pf_rd_i=top&ref_=chttp_tt_185",2018,65996,8.1
"Em Nome do Pai","Jim Sheridan (dir.), Daniel Day-Lewis, Pete Postlethwaite","http://www.imdb.com/title/tt0107207/?pf_rd_m=A2FGELUUNOQJNL&pf_rd_p=e31d89dd-322d-4646-8962-327b42fe94b1&pf_rd_r=X37ZVGM5SQKW747MFCE5&pf_rd_s=center-1&pf_rd_t=15506&pf_rd_i=top&ref_=chttp_tt_186",1993,152965,8.1
"Mary e Max: Uma Amizade Diferente","Adam Elliot (dir.), Toni Collette, Philip Seymour Hoffman","http://www.imdb.com/title/tt0978762/?pf_rd_m=A2FGELUUNOQJNL&pf_rd_p=e31d89dd-322d-4646-8962-327b42fe94b1&pf_rd_r=X37ZVGM5SQKW747MFCE5&pf_rd_s=center-1&pf_rd_t=15506&pf_rd_i=top&ref_=chttp_tt_187",2009,161228,8.1
"Garota Exemplar","David Fincher (dir.), Ben Affleck, Rosamund Pike","http://www.imdb.com/title/tt2267998/?pf_rd_m=A2FGELUUNOQJNL&pf_rd_p=e31d89dd-322d-4646-8962-327b42fe94b1&pf_rd_r=X37ZVGM5SQKW747MFCE5&pf_rd_s=center-1&pf_rd_t=15506&pf_rd_i=top&ref_=chttp_tt_188",2014,834408,8.1
"Até o Último Homem","Mel Gibson (dir.), Andrew Garfield, Sam Worthington","http://www.imdb.com/title/tt2119532/?pf_rd_m=A2FGELUUNOQJNL&pf_rd_p=e31d89dd-322d-4646-8962-327b42fe94b1&pf_rd_r=X37ZVGM5SQKW747MFCE5&pf_rd_s=center-1&pf_rd_t=15506&pf_rd_i=top&ref_=chttp_tt_189",2016,418937,8.1
"O Grande Hotel Budapeste","Wes Anderson (dir.), Ralph Fiennes, F. Murray Abraham","http://www.imdb.com/title/tt2278388/?pf_rd_m=A2FGELUUNOQJNL&pf_rd_p=e31d89dd-322d-4646-8962-327b42fe94b1&pf_rd_r=X37ZVGM5SQKW747MFCE5&pf_rd_s=center-1&pf_rd_t=15506&pf_rd_i=top&ref_=chttp_tt_190",2014,688268,8.1
"O Grande Lebowski","Joel Coen (dir.), Jeff Bridges, John Goodman","http://www.imdb.com/title/tt0118715/?pf_rd_m=A2FGELUUNOQJNL&pf_rd_p=e31d89dd-322d-4646-8962-327b42fe94b1&pf_rd_r=X37ZVGM5SQKW747MFCE5&pf_rd_s=center-1&pf_rd_t=15506&pf_rd_i=top&ref_=chttp_tt_191",1998,714655,8.1
"Antes do Amanhecer","Richard Linklater (dir.), Ethan Hawke, Julie Delpy","http://www.imdb.com/title/tt0112471/?pf_rd_m=A2FGELUUNOQJNL&pf_rd_p=e31d89dd-322d-4646-8962-327b42fe94b1&pf_rd_r=X37ZVGM5SQKW747MFCE5&pf_rd_s=center-1&pf_rd_t=15506&pf_rd_i=top&ref_=chttp_tt_192",1995,263230,8.1
"Prenda-me se for Capaz","Steven Spielberg (dir.), Leonardo DiCaprio, Tom Hanks","http://www.imdb.com/title/tt0264464/?pf_rd_m=A2FGELUUNOQJNL&pf_rd_p=e31d89dd-322d-4646-8962-327b42fe94b1&pf_rd_r=X37ZVGM5SQKW747MFCE5&pf_rd_s=center-1&pf_rd_t=15506&pf_rd_i=top&ref_=chttp_tt_193",2002,801463,8.1
"O Bandido","Yavuz Turgul (dir.), Sener Sen, Ugur Yücel","http://www.imdb.com/title/tt0116231/?pf_rd_m=A2FGELUUNOQJNL&pf_rd_p=e31d89dd-322d-4646-8962-327b42fe94b1&pf_rd_r=X37ZVGM5SQKW747MFCE5&pf_rd_s=center-1&pf_rd_t=15506&pf_rd_i=top&ref_=chttp_tt_194",1996,61952,8.1
"Quando Duas Mulheres Pecam","Ingmar Bergman (dir.), Bibi Andersson, Liv Ullmann","http://www.imdb.com/title/tt0060827/?pf_rd_m=A2FGELUUNOQJNL&pf_rd_p=e31d89dd-322d-4646-8962-327b42fe94b1&pf_rd_r=X37ZVGM5SQKW747MFCE5&pf_rd_s=center-1&pf_rd_t=15506&pf_rd_i=top&ref_=chttp_tt_195",1966,99033,8.1
"Ford vs Ferrari","James Mangold (dir.), Matt Damon, Christian Bale","http://www.imdb.com/title/tt1950186/?pf_rd_m=A2FGELUUNOQJNL&pf_rd_p=e31d89dd-322d-4646-8962-327b42fe94b1&pf_rd_r=X37ZVGM5SQKW747MFCE5&pf_rd_s=center-1&pf_rd_t=15506&pf_rd_i=top&ref_=chttp_tt_196",2019,253693,8.1
"Ser ou Não Ser","Ernst Lubitsch (dir.), Carole Lombard, Jack Benny","http://www.imdb.com/title/tt0035446/?pf_rd_m=A2FGELUUNOQJNL&pf_rd_p=e31d89dd-322d-4646-8962-327b42fe94b1&pf_rd_r=X37ZVGM5SQKW747MFCE5&pf_rd_s=center-1&pf_rd_t=15506&pf_rd_i=top&ref_=chttp_tt_197",1942,27593,8.1
"Os Suspeitos","Denis Villeneuve (dir.), Hugh Jackman, Jake Gyllenhaal","http://www.imdb.com/title/tt1392214/?pf_rd_m=A2FGELUUNOQJNL&pf_rd_p=e31d89dd-322d-4646-8962-327b42fe94b1&pf_rd_r=X37ZVGM5SQKW747MFCE5&pf_rd_s=center-1&pf_rd_t=15506&pf_rd_i=top&ref_=chttp_tt_198",2013,581857,8.1
"A General","Clyde Bruckman (dir.), Buster Keaton, Marion Mack","http://www.imdb.com/title/tt0017925/?pf_rd_m=A2FGELUUNOQJNL&pf_rd_p=e31d89dd-322d-4646-8962-327b42fe94b1&pf_rd_r=X37ZVGM5SQKW747MFCE5&pf_rd_s=center-1&pf_rd_t=15506&pf_rd_i=top&ref_=chttp_tt_199",1926,78849,8.1
"Como Treinar o Seu Dragão","Dean DeBlois (dir.), Jay Baruchel, Gerard Butler","http://www.imdb.com/title/tt0892769/?pf_rd_m=A2FGELUUNOQJNL&pf_rd_p=e31d89dd-322d-4646-8962-327b42fe94b1&pf_rd_r=X37ZVGM5SQKW747MFCE5&pf_rd_s=center-1&pf_rd_t=15506&pf_rd_i=top&ref_=chttp_tt_200",2010,651987,8.1
"Bancando o Águia","Buster Keaton (dir.), Buster Keaton, Kathryn McGuire","http://www.imdb.com/title/tt0015324/?pf_rd_m=A2FGELUUNOQJNL&pf_rd_p=e31d89dd-322d-4646-8962-327b42fe94b1&pf_rd_r=X37ZVGM5SQKW747MFCE5&pf_rd_s=center-1&pf_rd_t=15506&pf_rd_i=top&ref_=chttp_tt_201",1924,39716,8.1
"A Mulher Faz o Homem","Frank Capra (dir.), James Stewart, Jean Arthur","http://www.imdb.com/title/tt0031679/?pf_rd_m=A2FGELUUNOQJNL&pf_rd_p=e31d89dd-322d-4646-8962-327b42fe94b1&pf_rd_r=X37ZVGM5SQKW747MFCE5&pf_rd_s=center-1&pf_rd_t=15506&pf_rd_i=top&ref_=chttp_tt_202",1939,104633,8.1
"12 Anos de Escravidão","Steve McQueen (dir.), Chiwetel Ejiofor, Michael Kenneth Williams","http://www.imdb.com/title/tt2024544/?pf_rd_m=A2FGELUUNOQJNL&pf_rd_p=e31d89dd-322d-4646-8962-327b42fe94b1&pf_rd_r=X37ZVGM5SQKW747MFCE5&pf_rd_s=center-1&pf_rd_t=15506&pf_rd_i=top&ref_=chttp_tt_203",2013,625186,8.1
"Barry Lyndon","Stanley Kubrick (dir.), Ryan O'Neal, Marisa Berenson","http://www.imdb.com/title/tt0072684/?pf_rd_m=A2FGELUUNOQJNL&pf_rd_p=e31d89dd-322d-4646-8962-327b42fe94b1&pf_rd_r=X37ZVGM5SQKW747MFCE5&pf_rd_s=center-1&pf_rd_t=15506&pf_rd_i=top&ref_=chttp_tt_204",1975,145509,8.1
"Mad Max: Estrada da Fúria","George Miller (dir.), Tom Hardy, Charlize Theron","http://www.imdb.com/title/tt1392190/?pf_rd_m=A2FGELUUNOQJNL&pf_rd_p=e31d89dd-322d-4646-8962-327b42fe94b1&pf_rd_r=X37ZVGM5SQKW747MFCE5&pf_rd_s=center-1&pf_rd_t=15506&pf_rd_i=top&ref_=chttp_tt_205",2015,857377,8.1
"Rede de Intrigas","Sidney Lumet (dir.), Faye Dunaway, William Holden","http://www.imdb.com/title/tt0074958/?pf_rd_m=A2FGELUUNOQJNL&pf_rd_p=e31d89dd-322d-4646-8962-327b42fe94b1&pf_rd_r=X37ZVGM5SQKW747MFCE5&pf_rd_s=center-1&pf_rd_t=15506&pf_rd_i=top&ref_=chttp_tt_206",1976,142029,8.1
"Conta Comigo","Rob Reiner (dir.), Wil Wheaton, River Phoenix","http://www.imdb.com/title/tt0092005/?pf_rd_m=A2FGELUUNOQJNL&pf_rd_p=e31d89dd-322d-4646-8962-327b42fe94b1&pf_rd_r=X37ZVGM5SQKW747MFCE5&pf_rd_s=center-1&pf_rd_t=15506&pf_rd_i=top&ref_=chttp_tt_207",1986,356088,8.1
"Menina de Ouro","Clint Eastwood (dir.), Hilary Swank, Clint Eastwood","http://www.imdb.com/title/tt0405159/?pf_rd_m=A2FGELUUNOQJNL&pf_rd_p=e31d89dd-322d-4646-8962-327b42fe94b1&pf_rd_r=X37ZVGM5SQKW747MFCE5&pf_rd_s=center-1&pf_rd_t=15506&pf_rd_i=top&ref_=chttp_tt_208",2004,623773,8.1
"Rebeldia Indomável","Stuart Rosenberg (dir.), Paul Newman, George Kennedy","http://www.imdb.com/title/tt0061512/?pf_rd_m=A2FGELUUNOQJNL&pf_rd_p=e31d89dd-322d-4646-8962-327b42fe94b1&pf_rd_r=X37ZVGM5SQKW747MFCE5&pf_rd_s=center-1&pf_rd_t=15506&pf_rd_i=top&ref_=chttp_tt_209",1967,158561,8.1
"Ben-Hur","William Wyler (dir.), Charlton Heston, Jack Hawkins","http://www.imdb.com/title/tt0052618/?pf_rd_m=A2FGELUUNOQJNL&pf_rd_p=e31d89dd-322d-4646-8962-327b42fe94b1&pf_rd_r=X37ZVGM5SQKW747MFCE5&pf_rd_s=center-1&pf_rd_t=15506&pf_rd_i=top&ref_=chttp_tt_210",1959,215031,8.1
"Sempre ao Seu Lado","Lasse Hallström (dir.), Richard Gere, Joan Allen","http://www.imdb.com/title/tt1028532/?pf_rd_m=A2FGELUUNOQJNL&pf_rd_p=e31d89dd-322d-4646-8962-327b42fe94b1&pf_rd_r=X37ZVGM5SQKW747MFCE5&pf_rd_s=center-1&pf_rd_t=15506&pf_rd_i=top&ref_=chttp_tt_211",2009,246106,8.1
"Sociedade dos Poetas Mortos","Peter Weir (dir.), Robin Williams, Robert Sean Leonard","http://www.imdb.com/title/tt0097165/?pf_rd_m=A2FGELUUNOQJNL&pf_rd_p=e31d89dd-322d-4646-8962-327b42fe94b1&pf_rd_r=X37ZVGM5SQKW747MFCE5&pf_rd_s=center-1&pf_rd_t=15506&pf_rd_i=top&ref_=chttp_tt_212",1989,411651,8.1
"Na Natureza Selvagem","Sean Penn (dir.), Emile Hirsch, Vince Vaughn","http://www.imdb.com/title/tt0758758/?pf_rd_m=A2FGELUUNOQJNL&pf_rd_p=e31d89dd-322d-4646-8962-327b42fe94b1&pf_rd_r=X37ZVGM5SQKW747MFCE5&pf_rd_s=center-1&pf_rd_t=15506&pf_rd_i=top&ref_=chttp_tt_213",2007,561114,8.1
"Harry Potter e as Relíquias da Morte - Parte 2","David Yates (dir.), Daniel Radcliffe, Emma Watson","http://www.imdb.com/title/tt1201607/?pf_rd_m=A2FGELUUNOQJNL&pf_rd_p=e31d89dd-322d-4646-8962-327b42fe94b1&pf_rd_r=X37ZVGM5SQKW747MFCE5&pf_rd_s=center-1&pf_rd_t=15506&pf_rd_i=top&ref_=chttp_tt_214",2011,744026,8.1
"Platoon","Oliver Stone (dir.), Charlie Sheen, Tom Berenger","http://www.imdb.com/title/tt0091763/?pf_rd_m=A2FGELUUNOQJNL&pf_rd_p=e31d89dd-322d-4646-8962-327b42fe94b1&pf_rd_r=X37ZVGM5SQKW747MFCE5&pf_rd_s=center-1&pf_rd_t=15506&pf_rd_i=top&ref_=chttp_tt_215",1986,373666,8.1
"O Salário do Medo","Henri-Georges Clouzot (dir.), Yves Montand, Charles Vanel","http://www.imdb.com/title/tt0046268/?pf_rd_m=A2FGELUUNOQJNL&pf_rd_p=e31d89dd-322d-4646-8962-327b42fe94b1&pf_rd_r=X37ZVGM5SQKW747MFCE5&pf_rd_s=center-1&pf_rd_t=15506&pf_rd_i=top&ref_=chttp_tt_216",1953,53006,8.1
"Logan","James Mangold (dir.), Hugh Jackman, Patrick Stewart","http://www.imdb.com/title/tt3315342/?pf_rd_m=A2FGELUUNOQJNL&pf_rd_p=e31d89dd-322d-4646-8962-327b42fe94b1&pf_rd_r=X37ZVGM5SQKW747MFCE5&pf_rd_s=center-1&pf_rd_t=15506&pf_rd_i=top&ref_=chttp_tt_217",2017,628228,8.1
"A Vida de Brian","Terry Jones (dir.), Graham Chapman, John Cleese","http://www.imdb.com/title/tt0079470/?pf_rd_m=A2FGELUUNOQJNL&pf_rd_p=e31d89dd-322d-4646-8962-327b42fe94b1&pf_rd_r=X37ZVGM5SQKW747MFCE5&pf_rd_s=center-1&pf_rd_t=15506&pf_rd_i=top&ref_=chttp_tt_218",1979,359575,8.1
"Rush: No Limite da Emoção","Ron Howard (dir.), Daniel Brühl, Chris Hemsworth","http://www.imdb.com/title/tt1979320/?pf_rd_m=A2FGELUUNOQJNL&pf_rd_p=e31d89dd-322d-4646-8962-327b42fe94b1&pf_rd_r=X37ZVGM5SQKW747MFCE5&pf_rd_s=center-1&pf_rd_t=15506&pf_rd_i=top&ref_=chttp_tt_219",2013,423226,8
"A Criada","Chan-wook Park (dir.), Min-hee Kim, Jung-woo Ha","http://www.imdb.com/title/tt4016934/?pf_rd_m=A2FGELUUNOQJNL&pf_rd_p=e31d89dd-322d-4646-8962-327b42fe94b1&pf_rd_r=X37ZVGM5SQKW747MFCE5&pf_rd_s=center-1&pf_rd_t=15506&pf_rd_i=top&ref_=chttp_tt_220",2016,104900,8
"Rififi","Jules Dassin (dir.), Jean Servais, Carl Möhner","http://www.imdb.com/title/tt0048021/?pf_rd_m=A2FGELUUNOQJNL&pf_rd_p=e31d89dd-322d-4646-8962-327b42fe94b1&pf_rd_r=X37ZVGM5SQKW747MFCE5&pf_rd_s=center-1&pf_rd_t=15506&pf_rd_i=top&ref_=chttp_tt_221",1955,26597,8
"Os Incompreendidos","François Truffaut (dir.), Jean-Pierre Léaud, Albert Rémy","http://www.imdb.com/title/tt0053198/?pf_rd_m=A2FGELUUNOQJNL&pf_rd_p=e31d89dd-322d-4646-8962-327b42fe94b1&pf_rd_r=X37ZVGM5SQKW747MFCE5&pf_rd_s=center-1&pf_rd_t=15506&pf_rd_i=top&ref_=chttp_tt_222",1959,102042,8
"O Martírio de Joana D'Arc","Carl Theodor Dreyer (dir.), Maria Falconetti, Eugene Silvain","http://www.imdb.com/title/tt0019254/?pf_rd_m=A2FGELUUNOQJNL&pf_rd_p=e31d89dd-322d-4646-8962-327b42fe94b1&pf_rd_r=X37ZVGM5SQKW747MFCE5&pf_rd_s=center-1&pf_rd_t=15506&pf_rd_i=top&ref_=chttp_tt_223",1928,45892,8
"Andrei Rublev","Andrei Tarkovsky (dir.), Anatoliy Solonitsyn, Ivan Lapikov","http://www.imdb.com/title/tt0060107/?pf_rd_m=A2FGELUUNOQJNL&pf_rd_p=e31d89dd-322d-4646-8962-327b42fe94b1&pf_rd_r=X37ZVGM5SQKW747MFCE5&pf_rd_s=center-1&pf_rd_t=15506&pf_rd_i=top&ref_=chttp_tt_224",1966,44889,8
"Hotel Ruanda","Terry George (dir.), Don Cheadle, Sophie Okonedo","http://www.imdb.com/title/tt0395169/?pf_rd_m=A2FGELUUNOQJNL&pf_rd_p=e31d89dd-322d-4646-8962-327b42fe94b1&pf_rd_r=X37ZVGM5SQKW747MFCE5&pf_rd_s=center-1&pf_rd_t=15506&pf_rd_i=top&ref_=chttp_tt_225",2004,329487,8
"Spotlight: Segredos Revelados","Tom McCarthy (dir.), Mark Ruffalo, Michael Keaton","http://www.imdb.com/title/tt1895587/?pf_rd_m=A2FGELUUNOQJNL&pf_rd_p=e31d89dd-322d-4646-8962-327b42fe94b1&pf_rd_r=X37ZVGM5SQKW747MFCE5&pf_rd_s=center-1&pf_rd_t=15506&pf_rd_i=top&ref_=chttp_tt_226",2015,407335,8
"Amores Brutos","Alejandro G. Iñárritu (dir.), Emilio Echevarría, Gael García Bernal","http://www.imdb.com/title/tt0245712/?pf_rd_m=A2FGELUUNOQJNL&pf_rd_p=e31d89dd-322d-4646-8962-327b42fe94b1&pf_rd_r=X37ZVGM5SQKW747MFCE5&pf_rd_s=center-1&pf_rd_t=15506&pf_rd_i=top&ref_=chttp_tt_227",2000,219436,8
"Nausicaä do Vale do Vento","Hayao Miyazaki (dir.), Sumi Shimamoto, Mahito Tsujimura","http://www.imdb.com/title/tt0087544/?pf_rd_m=A2FGELUUNOQJNL&pf_rd_p=e31d89dd-322d-4646-8962-327b42fe94b1&pf_rd_r=X37ZVGM5SQKW747MFCE5&pf_rd_s=center-1&pf_rd_t=15506&pf_rd_i=top&ref_=chttp_tt_228",1984,145180,8
"O Ódio","Mathieu Kassovitz (dir.), Vincent Cassel, Hubert Koundé","http://www.imdb.com/title/tt0113247/?pf_rd_m=A2FGELUUNOQJNL&pf_rd_p=e31d89dd-322d-4646-8962-327b42fe94b1&pf_rd_r=X37ZVGM5SQKW747MFCE5&pf_rd_s=center-1&pf_rd_t=15506&pf_rd_i=top&ref_=chttp_tt_229",1995,144725,8
"Pinte de Açafrão","Rakeysh Omprakash Mehra (dir.), Aamir Khan, Soha Ali Khan","http://www.imdb.com/title/tt0405508/?pf_rd_m=A2FGELUUNOQJNL&pf_rd_p=e31d89dd-322d-4646-8962-327b42fe94b1&pf_rd_r=X37ZVGM5SQKW747MFCE5&pf_rd_s=center-1&pf_rd_t=15506&pf_rd_i=top&ref_=chttp_tt_230",2006,109146,8
"Rocky: Um Lutador","John G. Avildsen (dir.), Sylvester Stallone, Talia Shire","http://www.imdb.com/title/tt0075148/?pf_rd_m=A2FGELUUNOQJNL&pf_rd_p=e31d89dd-322d-4646-8962-327b42fe94b1&pf_rd_r=X37ZVGM5SQKW747MFCE5&pf_rd_s=center-1&pf_rd_t=15506&pf_rd_i=top&ref_=chttp_tt_231",1976,506649,8
"Gangues de Wasseypur","Anurag Kashyap (dir.), Manoj Bajpayee, Richa Chadha","http://www.imdb.com/title/tt1954470/?pf_rd_m=A2FGELUUNOQJNL&pf_rd_p=e31d89dd-322d-4646-8962-327b42fe94b1&pf_rd_r=X37ZVGM5SQKW747MFCE5&pf_rd_s=center-1&pf_rd_t=15506&pf_rd_i=top&ref_=chttp_tt_232",2012,78684,8
"Monstros S.A.","Pete Docter (dir.), Billy Crystal, John Goodman","http://www.imdb.com/title/tt0198781/?pf_rd_m=A2FGELUUNOQJNL&pf_rd_p=e31d89dd-322d-4646-8962-327b42fe94b1&pf_rd_r=X37ZVGM5SQKW747MFCE5&pf_rd_s=center-1&pf_rd_t=15506&pf_rd_i=top&ref_=chttp_tt_233",2001,795609,8
"Rebecca, a Mulher Inesquecível","Alfred Hitchcock (dir.), Laurence Olivier, Joan Fontaine","http://www.imdb.com/title/tt0032976/?pf_rd_m=A2FGELUUNOQJNL&pf_rd_p=e31d89dd-322d-4646-8962-327b42fe94b1&pf_rd_r=X37ZVGM5SQKW747MFCE5&pf_rd_s=center-1&pf_rd_t=15506&pf_rd_i=top&ref_=chttp_tt_234",1940,119429,8
"Retrato de uma Jovem em Chamas","Céline Sciamma (dir.), Noémie Merlant, Adèle Haenel","http://www.imdb.com/title/tt8613070/?pf_rd_m=A2FGELUUNOQJNL&pf_rd_p=e31d89dd-322d-4646-8962-327b42fe94b1&pf_rd_r=X37ZVGM5SQKW747MFCE5&pf_rd_s=center-1&pf_rd_t=15506&pf_rd_i=top&ref_=chttp_tt_235",2019,50443,8
"Antes do Pôr-do-Sol","Richard Linklater (dir.), Ethan Hawke, Julie Delpy","http://www.imdb.com/title/tt0381681/?pf_rd_m=A2FGELUUNOQJNL&pf_rd_p=e31d89dd-322d-4646-8962-327b42fe94b1&pf_rd_r=X37ZVGM5SQKW747MFCE5&pf_rd_s=center-1&pf_rd_t=15506&pf_rd_i=top&ref_=chttp_tt_236",2004,229123,8
"Amor à Flor da Pele","Kar-Wai Wong (dir.), Tony Chiu-Wai Leung, Maggie Cheung","http://www.imdb.com/title/tt0118694/?pf_rd_m=A2FGELUUNOQJNL&pf_rd_p=e31d89dd-322d-4646-8962-327b42fe94b1&pf_rd_r=X37ZVGM5SQKW747MFCE5&pf_rd_s=center-1&pf_rd_t=15506&pf_rd_i=top&ref_=chttp_tt_237",2000,119356,8
"Aconteceu Naquela Noite","Frank Capra (dir.), Clark Gable, Claudette Colbert","http://www.imdb.com/title/tt0025316/?pf_rd_m=A2FGELUUNOQJNL&pf_rd_p=e31d89dd-322d-4646-8962-327b42fe94b1&pf_rd_r=X37ZVGM5SQKW747MFCE5&pf_rd_s=center-1&pf_rd_t=15506&pf_rd_i=top&ref_=chttp_tt_238",1934,91498,8
"A Chantagem","Nishikant Kamat (dir.), Ajay Devgn, Shriya Saran","http://www.imdb.com/title/tt4430212/?pf_rd_m=A2FGELUUNOQJNL&pf_rd_p=e31d89dd-322d-4646-8962-327b42fe94b1&pf_rd_r=X37ZVGM5SQKW747MFCE5&pf_rd_s=center-1&pf_rd_t=15506&pf_rd_i=top&ref_=chttp_tt_239",2015,66195,8
"Paris, Texas","Wim Wenders (dir.), Harry Dean Stanton, Nastassja Kinski","http://www.imdb.com/title/tt0087884/?pf_rd_m=A2FGELUUNOQJNL&pf_rd_p=e31d89dd-322d-4646-8962-327b42fe94b1&pf_rd_r=X37ZVGM5SQKW747MFCE5&pf_rd_s=center-1&pf_rd_t=15506&pf_rd_i=top&ref_=chttp_tt_240",1984,86747,8
"O Circo","Charles Chaplin (dir.), Charles Chaplin, Merna Kennedy","http://www.imdb.com/title/tt0018773/?pf_rd_m=A2FGELUUNOQJNL&pf_rd_p=e31d89dd-322d-4646-8962-327b42fe94b1&pf_rd_r=X37ZVGM5SQKW747MFCE5&pf_rd_s=center-1&pf_rd_t=15506&pf_rd_i=top&ref_=chttp_tt_241",1928,27570,8
"Um Contratempo","Oriol Paulo (dir.), Mario Casas, Ana Wagener","http://www.imdb.com/title/tt4857264/?pf_rd_m=A2FGELUUNOQJNL&pf_rd_p=e31d89dd-322d-4646-8962-327b42fe94b1&pf_rd_r=X37ZVGM5SQKW747MFCE5&pf_rd_s=center-1&pf_rd_t=15506&pf_rd_i=top&ref_=chttp_tt_242",2016,127692,8
"Histórias Cruzadas","Tate Taylor (dir.), Emma Stone, Viola Davis","http://www.imdb.com/title/tt1454029/?pf_rd_m=A2FGELUUNOQJNL&pf_rd_p=e31d89dd-322d-4646-8962-327b42fe94b1&pf_rd_r=X37ZVGM5SQKW747MFCE5&pf_rd_s=center-1&pf_rd_t=15506&pf_rd_i=top&ref_=chttp_tt_243",2011,419854,8
"A Princesa Prometida","Rob Reiner (dir.), Cary Elwes, Mandy Patinkin","http://www.imdb.com/title/tt0093779/?pf_rd_m=A2FGELUUNOQJNL&pf_rd_p=e31d89dd-322d-4646-8962-327b42fe94b1&pf_rd_r=X37ZVGM5SQKW747MFCE5&pf_rd_s=center-1&pf_rd_t=15506&pf_rd_i=top&ref_=chttp_tt_244",1987,385545,8
"A Batalha de Argel","Gillo Pontecorvo (dir.), Brahim Hadjadj, Jean Martin","http://www.imdb.com/title/tt0058946/?pf_rd_m=A2FGELUUNOQJNL&pf_rd_p=e31d89dd-322d-4646-8962-327b42fe94b1&pf_rd_r=X37ZVGM5SQKW747MFCE5&pf_rd_s=center-1&pf_rd_t=15506&pf_rd_i=top&ref_=chttp_tt_245",1966,51264,8
"O Exterminador do Futuro","James Cameron (dir.), Arnold Schwarzenegger, Linda Hamilton","http://www.imdb.com/title/tt0088247/?pf_rd_m=A2FGELUUNOQJNL&pf_rd_p=e31d89dd-322d-4646-8962-327b42fe94b1&pf_rd_r=X37ZVGM5SQKW747MFCE5&pf_rd_s=center-1&pf_rd_t=15506&pf_rd_i=top&ref_=chttp_tt_246",1984,784994,8
"A Fraternidade é Vermelha","Krzysztof Kieslowski (dir.), Irène Jacob, Jean-Louis Trintignant","http://www.imdb.com/title/tt0111495/?pf_rd_m=A2FGELUUNOQJNL&pf_rd_p=e31d89dd-322d-4646-8962-327b42fe94b1&pf_rd_r=X37ZVGM5SQKW747MFCE5&pf_rd_s=center-1&pf_rd_t=15506&pf_rd_i=top&ref_=chttp_tt_247",1994,87825,8
"A Voz do Silêncio","Naoko Yamada (dir.), Miyu Irino, Saori Hayami","http://www.imdb.com/title/tt5323662/?pf_rd_m=A2FGELUUNOQJNL&pf_rd_p=e31d89dd-322d-4646-8962-327b42fe94b1&pf_rd_r=X37ZVGM5SQKW747MFCE5&pf_rd_s=center-1&pf_rd_t=15506&pf_rd_i=top&ref_=chttp_tt_248",2016,41115,8
"Swades: We, the People","Ashutosh Gowariker (dir.), Shah Rukh Khan, Gayatri Joshi","http://www.imdb.com/title/tt0367110/?pf_rd_m=A2FGELUUNOQJNL&pf_rd_p=e31d89dd-322d-4646-8962-327b42fe94b1&pf_rd_r=X37ZVGM5SQKW747MFCE5&pf_rd_s=center-1&pf_rd_t=15506&pf_rd_i=top&ref_=chttp_tt_249",2004,81428,8
"Trono Manchado de Sangue","Akira Kurosawa (dir.), Toshirô Mifune, Minoru Chiaki","http://www.imdb.com/title/tt0050613/?pf_rd_m=A2FGELUUNOQJNL&pf_rd_p=e31d89dd-322d-4646-8962-327b42fe94b1&pf_rd_r=X37ZVGM5SQKW747MFCE5&pf_rd_s=center-1&pf_rd_t=15506&pf_rd_i=top&ref_=chttp_tt_250",1957,45016,8
